R,G,B
1.291621071900742379e+02,1.015944269297264384e+02,1.145882233296043893e+02
1.291438592923952910e+02,1.015773688491256621e+02,1.145120984139894205e+02
1.291410758450123524e+02,1.015892415498763341e+02,1.146040807914262132e+02
1.291625203915171198e+02,1.017104404567699873e+02,1.146531402936378470e+02
1.290300371593724265e+02,1.016126135425268444e+02,1.144511767134599438e+02
1.289724610974610925e+02,1.017168304668304728e+02,1.145044021294021235e+02
1.287954828014919144e+02,1.014083091587235828e+02,1.142061748860339776e+02
1.291201272055806442e+02,1.017396389002872326e+02,1.146538777185063651e+02
1.290571723426212714e+02,1.016337461300309570e+02,1.145649122807017477e+02
1.294160576428203910e+02,1.018311888831703556e+02,1.148600102933607872e+02
1.293819105691056848e+02,1.017177845528455293e+02,1.146884146341463406e+02
1.296130470016207425e+02,1.019329416531604551e+02,1.148577795786061557e+02
1.302786039453717706e+02,1.022514921598381363e+02,1.152243803743045021e+02
1.303345381526104347e+02,1.021385542168674760e+02,1.150926706827309260e+02
1.309998051821546881e+02,1.031320864991233179e+02,1.165120787064095111e+02
1.308274700227925962e+02,1.028924784461401316e+02,1.163298979288474868e+02
1.317032431356943789e+02,1.036940907282132969e+02,1.173197373656983729e+02
1.324737098819627477e+02,1.043625012193932236e+02,1.181071115013169504e+02
1.332441573809288968e+02,1.050254412779804767e+02,1.189372842914899877e+02
1.339862096138691925e+02,1.056427304964539076e+02,1.196537628053585536e+02
1.347915208479151943e+02,1.063260673932606721e+02,1.202928707129287034e+02
1.355266800401203682e+02,1.069864593781343984e+02,1.210151454363089272e+02
1.359367617107942863e+02,1.072146639511201585e+02,1.211961303462321808e+02
1.367569700157811781e+02,1.077620199894792279e+02,1.216896370331404569e+02
1.379241057542768374e+02,1.086072576464489430e+02,1.224977708657335427e+02
1.389484029484029577e+02,1.094670352170352174e+02,1.233471539721539756e+02
1.397403212520593172e+02,1.102556630971993457e+02,1.242195222405271835e+02
1.401552342868860990e+02,1.106357018353327248e+02,1.246110940223520913e+02
1.401194106738100231e+02,1.105565629507521095e+02,1.244246857613847084e+02
1.402355196352709470e+02,1.106099886022173848e+02,1.245815977618899666e+02
1.400054814355155770e+02,1.102908263522597991e+02,1.243607405109111568e+02
1.399536651395251852e+02,1.101978342357351153e+02,1.242747813411078681e+02
1.401806290875116758e+02,1.103000103809820445e+02,1.244492889027302027e+02
1.403375272954143611e+02,1.105685764791515027e+02,1.248331080378496409e+02
1.405713843614607015e+02,1.107362285950072192e+02,1.249784402723334011e+02
1.409503945885005578e+02,1.111010556523521586e+02,1.254752485395100905e+02
1.412646605730717795e+02,1.113257676902536701e+02,1.257016534867002093e+02
1.410951199338296078e+02,1.111294458229942137e+02,1.254254549214226699e+02
1.412495644152915872e+02,1.112516142256841221e+02,1.255002562262990722e+02
1.408929166666666788e+02,1.109165624999999977e+02,1.250965625000000045e+02
1.406136695144821829e+02,1.107679724942696424e+02,1.248542404667639119e+02
1.407595963799022059e+02,1.108565484240091479e+02,1.248504109019036719e+02
1.407388935456831405e+02,1.108480720871751828e+02,1.248497485331098034e+02
1.409725291748425207e+02,1.111018279458845370e+02,1.251240318083238634e+02
1.409056603773584868e+02,1.110286128965374246e+02,1.249123989218328887e+02
1.413028002872089530e+02,1.114675351318083898e+02,1.254869217355626176e+02
1.412310963592988173e+02,1.113239290530028001e+02,1.251696919406700488e+02
1.409602383643275516e+02,1.111830884619336217e+02,1.249858214322408259e+02
1.411313883505049489e+02,1.114366010404978056e+02,1.252599204325206586e+02
1.410054509924920296e+02,1.112235935410881353e+02,1.251238300935925167e+02
1.408794882377218300e+02,1.110938918695831603e+02,1.249272595955427221e+02
1.404488948843001026e+02,1.106066203175262075e+02,1.244147556293452368e+02
1.399886256913283944e+02,1.101018470207659448e+02,1.240219138056975936e+02
1.401246076585059654e+02,1.101006486712701360e+02,1.240255283532119677e+02
1.401249221183800557e+02,1.101940809968847361e+02,1.242006230529595001e+02
1.396537375849451053e+02,1.096278097229482427e+02,1.235820177731312128e+02
1.395119196988707699e+02,1.095805102467586778e+02,1.235120242576327882e+02
1.395001053962900528e+02,1.095462689713322106e+02,1.235286677908937634e+02
1.395415544041450744e+02,1.095594818652849796e+02,1.235597927461139847e+02
1.394976801732137233e+02,1.095562429116403820e+02,1.235947004845860420e+02
1.397762794973950236e+02,1.098255184390642540e+02,1.237730105220145020e+02
1.394009342947090602e+02,1.096488270539250465e+02,1.235630141159744113e+02
1.396085940674522590e+02,1.097247054043071870e+02,1.236440471353108563e+02
1.396606344042293699e+02,1.098162871085807240e+02,1.237463399755998381e+02
1.395272542027508962e+02,1.096867040244523679e+02,1.235512990320937377e+02
1.395864328192722610e+02,1.097811712528978916e+02,1.236935792762826338e+02
1.395506616829982818e+02,1.097677543186180458e+02,1.237525002525507603e+02
1.392720291026677444e+02,1.096652182700080829e+02,1.234898949070331469e+02
1.391202325107077229e+02,1.094251478686518482e+02,1.232936977360799489e+02
1.390411303298471353e+02,1.095569187449718385e+02,1.232949517296862467e+02
1.392519006588950958e+02,1.095931069437404943e+02,1.234073998986315246e+02
1.392105791428284647e+02,1.096279233162701985e+02,1.234996487001907042e+02
1.388502220427936891e+02,1.091373637464674999e+02,1.230412797739200670e+02
1.385706969270937918e+02,1.089187587869050020e+02,1.227762602932315730e+02
1.385422521075873021e+02,1.088501605780810877e+02,1.227272179847450815e+02
1.386257309941520361e+02,1.088572292800967887e+02,1.228629764065335763e+02
1.382800886292677944e+02,1.085444657065162630e+02,1.225636015711552034e+02
1.384195072900955381e+02,1.085812971342383122e+02,1.225937657114127717e+02
1.382960328591464645e+02,1.085816469645361622e+02,1.226102985373672567e+02
1.381883510585428780e+02,1.083576185269853909e+02,1.224652619023953832e+02
1.381282509430216408e+02,1.083454437164979112e+02,1.223683740321619950e+02
1.381919211822660145e+02,1.085000000000000000e+02,1.224958620689655220e+02
1.382362181387077555e+02,1.085454455641177702e+02,1.226149970361588686e+02
1.386097321691356683e+02,1.089902874521730638e+02,1.230523888943392592e+02
1.389770193624095498e+02,1.092443770780363792e+02,1.233401134363387399e+02
1.387813171780340156e+02,1.091460816884893461e+02,1.230378151260504183e+02
1.387565660525284272e+02,1.090593884751077951e+02,1.229798118384947117e+02
1.389946907875331874e+02,1.093720381476747576e+02,1.232881722544489236e+02
1.389306526806526847e+02,1.093425602175602194e+02,1.231351010101010104e+02
1.390741026630644512e+02,1.095023157082207632e+02,1.232616750289463567e+02
1.393831187687542297e+02,1.097513309456974184e+02,1.235231826541477176e+02
1.394004859086491876e+02,1.098466472303206984e+02,1.236052478134110828e+02
1.394350276994848912e+02,1.098437165905335746e+02,1.236119156380600685e+02
1.393321043950712976e+02,1.097430872222761167e+02,1.235600077617153403e+02
1.390872456964006290e+02,1.093796948356807519e+02,1.231857394366197127e+02
1.390209495839451677e+02,1.093631913852178172e+02,1.232092021536955428e+02
1.392432775985137425e+02,1.096108340666862233e+02,1.234602522733939622e+02
1.391029182879377402e+02,1.094244163424124565e+02,1.233678988326848298e+02
1.388392488447547066e+02,1.092807983482450140e+02,1.232240684298495665e+02
1.386629057798891438e+02,1.090943190815518591e+02,1.230288004750593842e+02
1.382771240526525673e+02,1.087581771041084977e+02,1.227384323893099349e+02
1.387004340106529980e+02,1.090902544880647014e+02,1.231489445650029637e+02
1.384176313446126585e+02,1.088847333531216037e+02,1.228455525873157228e+02
1.383936961046684644e+02,1.089287342650411290e+02,1.229204083655466349e+02
1.381848647573587812e+02,1.087732696897374751e+02,1.228304494828957871e+02
1.377138886131241975e+02,1.085309242529534401e+02,1.225101757172639765e+02
1.378673449229553398e+02,1.087824970367443740e+02,1.228394903200316151e+02
1.376184878972009074e+02,1.086698874389879421e+02,1.227215858153202532e+02
1.377681619690353330e+02,1.088857681619690396e+02,1.229555379118697829e+02
1.381483597675105841e+02,1.090763471579154782e+02,1.231369323219387297e+02
1.380444291202837235e+02,1.090827504679341899e+02,1.231444192690375274e+02
1.379967317024858744e+02,1.090837872635436270e+02,1.231026047340794349e+02
1.379067332158935244e+02,1.090372871403405810e+02,1.229562536699941262e+02
1.376303382976624903e+02,1.087617122004142374e+02,1.226108097445507497e+02
1.374802009456264784e+02,1.086604609929078009e+02,1.226233254531126846e+02
1.368704513819844806e+02,1.081121495327102764e+02,1.220514018691588802e+02
1.368775833086126852e+02,1.080413329378028351e+02,1.220464748343715939e+02
1.365408991879580185e+02,1.076245791245791281e+02,1.214602891661715205e+02
1.363445899379738080e+02,1.074036624987693216e+02,1.212517475632568704e+02
1.357957684396121181e+02,1.068768733470467254e+02,1.206343422470369262e+02
1.349146377236726266e+02,1.060254229001662196e+02,1.196549330204361041e+02
1.340000000000000000e+02,1.051780094413847308e+02,1.186396538158929985e+02
1.328092945568874086e+02,1.040459815287875784e+02,1.173481037531931577e+02
1.316009043546642943e+02,1.030441364395950075e+02,1.162325764277990743e+02
1.306822686684329256e+02,1.022907467373172352e+02,1.154041801589637970e+02
1.299535022354694433e+02,1.016445106805762606e+02,1.145347242921013446e+02
1.292674083639614651e+02,1.010795669017582270e+02,1.139457633853183722e+02
1.289955555555555691e+02,1.009288888888888920e+02,1.138694320987654294e+02
1.284885948454626146e+02,1.006437246963562728e+02,1.135110101708304597e+02
1.281405725567620948e+02,1.003245804540967470e+02,1.130910167818361316e+02
1.278033320189274491e+02,1.001274645110410120e+02,1.127343257097791849e+02
1.277253562945368230e+02,1.001471694378464008e+02,1.128467933491686495e+02
1.275545877462139970e+02,1.000007918440067272e+02,1.126386221914282828e+02
1.275313943205266725e+02,1.000022599980347877e+02,1.126437063967770484e+02
1.268507845652817565e+02,9.947902891542484838e+01,1.120153952432645781e+02
1.265329873240842460e+02,9.919632697874038740e+01,1.118150514023355555e+02
1.259949484944532543e+02,9.878952060221870113e+01,1.114469096671949302e+02
1.255222144218232927e+02,9.828663123056864492e+01,1.108876742553404853e+02
1.253385641428011041e+02,9.814427226363279999e+01,1.106916437818752428e+02
1.249658522225493016e+02,9.785398881365911450e+01,1.104352860366990541e+02
1.246925110132158636e+02,9.762976015663240048e+01,1.102060695056289745e+02
1.242627051611627422e+02,9.721188451651175910e+01,1.098208423966778753e+02
1.240852255971689715e+02,9.706114223926078921e+01,1.097265310134670244e+02
1.235067859952793015e+02,9.674301730920535647e+01,1.093924075531077875e+02
1.232672924901185780e+02,9.650948616600790331e+01,1.091606719367588880e+02
1.228330702446724558e+02,9.610122336227308892e+01,1.087011641673243929e+02
1.224117182876306913e+02,9.580163740382718629e+01,1.083758137699743571e+02
1.219112131275639825e+02,9.549726509083805581e+01,1.080022465325258878e+02
1.215205627705627762e+02,9.519175521448248389e+01,1.076531877213695338e+02
1.209681622257053277e+02,9.479016457680251051e+01,1.072611677115987447e+02
1.207249483725046701e+02,9.462149670567410453e+01,1.070241911692398418e+02
1.203229568139144163e+02,9.433432157327798961e+01,1.067422670224330403e+02
1.200319454059934685e+02,9.417891405400060023e+01,1.065394125210167147e+02
1.199596638655462186e+02,9.419822046465644405e+01,1.066243203163618318e+02
1.198565243062389243e+02,9.421481991733911343e+01,1.066217280062979711e+02
1.198322028900029466e+02,9.420289000294897619e+01,1.066838690651725159e+02
1.195867670364500839e+02,9.407319730586371520e+01,1.065597266244056982e+02
1.197353056811480201e+02,9.421810497346176305e+01,1.066981521525457026e+02
1.197097922848664666e+02,9.418061325420376306e+01,1.067033630069238370e+02
1.198982030015797733e+02,9.433925750394944032e+01,1.068651263823064710e+02
1.203093354430379804e+02,9.462648338607594667e+01,1.074397745253164516e+02
1.203389121338912133e+02,9.466058975891611738e+01,1.074499900378561534e+02
1.203947342275211128e+02,9.468763040238449946e+01,1.075113760556383511e+02
1.207565157070657023e+02,9.496174809235952807e+01,1.077302546823902532e+02
1.210787114569993150e+02,9.519377401241257530e+01,1.080878731159491650e+02
1.213197919733097763e+02,9.548739083505053316e+01,1.084136002355019173e+02
1.214711974748471164e+02,9.567380153876504778e+01,1.086820871966857425e+02
1.215116049382716028e+02,9.566933333333332712e+01,1.086567901234567870e+02
1.216361209964412780e+02,9.579665875840252909e+01,1.087936931593515197e+02
1.218067176786246648e+02,9.601878167544469989e+01,1.090981814568220187e+02
1.220083865814696509e+02,9.620467252396166202e+01,1.093713059105431284e+02
1.218322901142573329e+02,9.605037257824143637e+01,1.091834078489816164e+02
1.218756713745772799e+02,9.619574298786552902e+01,1.092644718519992040e+02
1.219259741560653083e+02,9.620294500651107228e+01,1.093519983972753664e+02
1.220527638190954747e+02,9.641899497487436577e+01,1.096622110552763871e+02
1.221042471042471078e+02,9.641556594188173790e+01,1.095338345864661704e+02
1.219737870065789451e+02,9.624198190789473983e+01,1.093555715460526301e+02
1.222132490151358013e+02,9.656624507567903493e+01,1.099031722993987188e+02
1.222188947205927718e+02,9.661706287948955207e+01,1.098921477822373163e+02
1.225102380209957431e+02,9.688254859162249488e+01,1.101430204760419969e+02
1.226710376871450734e+02,9.705214248838409219e+01,1.103706763035622060e+02
1.229310060755843921e+02,9.735567912676346225e+01,1.107400885593656739e+02
1.228964237864578024e+02,9.718921982891889400e+01,1.105452952695042796e+02
1.229930320729583002e+02,9.731509375960651198e+01,1.106480172148785783e+02
1.230709248850281057e+02,9.729024016351559112e+01,1.106912621359223294e+02
1.228291106780182531e+02,9.696450918042876310e+01,1.103418812185865221e+02
1.229693391340377104e+02,9.710296250258960526e+01,1.105923969339134061e+02
1.227474831344058117e+02,9.693004670472237194e+01,1.103681370005189422e+02
1.227293947531501743e+02,9.693079942160710516e+01,1.103591200165255088e+02
1.227688591983555995e+02,9.699023638232270628e+01,1.104965056526207547e+02
1.231392601802921973e+02,9.725676095741374638e+01,1.108916174489690150e+02
1.231416477390047532e+02,9.730972537683254586e+01,1.109618005368573250e+02
1.229273004575495634e+02,9.711062531774275897e+01,1.105558718861209968e+02
1.228418912048805254e+02,9.706344687341128008e+01,1.105123538383324870e+02
1.228142550801592989e+02,9.698509139181047090e+01,1.103681200857755584e+02
1.229928217571529672e+02,9.726852694368618302e+01,1.107453240319482290e+02
1.229950540022206553e+02,9.724709801150702049e+01,1.107301907742000537e+02
1.229127954360228188e+02,9.709026079869600778e+01,1.104292991035044764e+02
1.231857651245551608e+02,9.743263853584137735e+01,1.108856126080325311e+02
1.232544336960902882e+02,9.750020153164047088e+01,1.108356509471987152e+02
1.233191662430096613e+02,9.758342653787494214e+01,1.110336553126588655e+02
1.231492021546905136e+02,9.746031100721617690e+01,1.108694989328183738e+02
1.232513200649878087e+02,9.753411860276197842e+01,1.108238220958570253e+02
1.233719462540716592e+02,9.770796009771987656e+01,1.110470276872964206e+02
1.236854913235445110e+02,9.795174042509498236e+01,1.113627682513605066e+02
1.237425844195832951e+02,9.788001642204659447e+01,1.115075438776557490e+02
1.235547587337362927e+02,9.771078782911587268e+01,1.112791722159614807e+02
1.233737829250794249e+02,9.754002254791431881e+01,1.111310853746028471e+02
1.235577496657410279e+02,9.763879461071685739e+01,1.112588707189139114e+02
1.234814585908529097e+02,9.753049031726411044e+01,1.112005562422744163e+02
1.233901511257325012e+02,9.748000411226483664e+01,1.110634316850005092e+02
1.236133238260160994e+02,9.762870530712029904e+01,1.112306203524498329e+02
1.235043292248141000e+02,9.754914943465416854e+01,1.111305897932158473e+02
1.235787534540988588e+02,9.751847303244294096e+01,1.111371405178589669e+02
1.235929673924154173e+02,9.749637125626085776e+01,1.111186752529898740e+02
1.237547304899253362e+02,9.773897923698476120e+01,1.114300910299682954e+02
1.235547797515145305e+02,9.756761474484032703e+01,1.111903686210083180e+02
1.237770138532580830e+02,9.767388404309902228e+01,1.113517701385325864e+02
1.237849110611326893e+02,9.774545082805151708e+01,1.113570844408096434e+02
1.238379951000408283e+02,9.777715394038382613e+01,1.114251735402204986e+02
1.236072891072891053e+02,9.766482391482391279e+01,1.112776412776412798e+02
1.237155860094088808e+02,9.767539374105133732e+01,1.112305174882389025e+02
1.237393753200204856e+02,9.776845878136201407e+01,1.113343573988735216e+02
1.234924819773429476e+02,9.763841400617918964e+01,1.111694129763130832e+02
1.236011513157894797e+02,9.772491776315789025e+01,1.112994449013157947e+02
1.236799468791500658e+02,9.781213607110021258e+01,1.112870569006027210e+02
1.237866965468065530e+02,9.788183762860344928e+01,1.113867780380971766e+02
1.236780954318852395e+02,9.781656323125444885e+01,1.113843727744429799e+02
1.236743996743996803e+02,9.763705738705738213e+01,1.113360805860805840e+02
1.236139867279224092e+02,9.753772332822869373e+01,1.112355283307810083e+02
1.235509619320507539e+02,9.735335652885795810e+01,1.110441056078591942e+02
1.232947917732528396e+02,9.714222858896961554e+01,1.109042259285787395e+02
1.233545092431825196e+02,9.713063017056479964e+01,1.109241139822285760e+02
1.232067390642443883e+02,9.695402415507966509e+01,1.107387597685983991e+02
1.231817433364207091e+02,9.688288566429967830e+01,1.106189153030770882e+02
1.231159494187232326e+02,9.684121966143177929e+01,1.105513971038139971e+02
1.234574468085106389e+02,9.712244271685760566e+01,1.109087561374795428e+02
1.232223022322806258e+02,9.690371360971093395e+01,1.106699927990947430e+02
1.231404137648504644e+02,9.671773863170831476e+01,1.104309709135600173e+02
1.234010977841024612e+02,9.703415328318763500e+01,1.107684488717219011e+02
1.234287605662491103e+02,9.709094612485996834e+01,1.108191261839291144e+02
1.234524052181002816e+02,9.717784345699143955e+01,1.108447818997146328e+02
1.235062168772931130e+02,9.723461068079902248e+01,1.108475336322869964e+02
1.235358236374770371e+02,9.724239640743009261e+01,1.109076342110634812e+02
1.235123848515864893e+02,9.718126919140225084e+01,1.108495394063459543e+02
1.234478784169726708e+02,9.718094655242758506e+01,1.107819257445940480e+02
1.236050557773001799e+02,9.739330672397912281e+01,1.110372530958960198e+02
1.236239508700102334e+02,9.735179119754350552e+01,1.109706243602865925e+02
1.236412487205731878e+02,9.739017400204708963e+01,1.110020470829068557e+02
1.237235216014707362e+02,9.750903891328771067e+01,1.110599530180778203e+02
1.237128006522625299e+02,9.749704443538524856e+01,1.110504484304932760e+02
1.238063354931605460e+02,9.747166512393293658e+01,1.112344955260721946e+02
1.234650704809286879e+02,9.697160033167496351e+01,1.106262437810945300e+02
1.234308943089430954e+02,9.699217865596376953e+01,1.107851188638468614e+02
1.233711191335740125e+02,9.680825167612171356e+01,1.105797833935017991e+02
1.231951597890164436e+02,9.663191643396422137e+01,1.104126590133416101e+02
1.234327575570635389e+02,9.682778120501747310e+01,1.106072383302488191e+02
1.235125382262996965e+02,9.689459734964322024e+01,1.108257900101936855e+02
1.235787965616045909e+02,9.692509209987720453e+01,1.108291035611952537e+02
1.233264952031026809e+02,9.667166768728311865e+01,1.105254133496631965e+02
1.232458214431308647e+02,9.667070933550753864e+01,1.104424174480228231e+02
1.232375623155967048e+02,9.669010072235222708e+01,1.104840777291687886e+02
1.232957332522549905e+02,9.658416945373467399e+01,1.103410357758183835e+02
1.231550529747351277e+02,9.655990220048899175e+01,1.102341075794621048e+02
1.233166546799547945e+02,9.664029590054454388e+01,1.104249460597965680e+02
1.232171992191513397e+02,9.662591184629610552e+01,1.102752491523682323e+02
1.231780540429466697e+02,9.660084249460598471e+01,1.102895304633720315e+02
1.233628472222222285e+02,9.675990604575163445e+01,1.103757148692810404e+02
1.234667825020441541e+02,9.693775551921504530e+01,1.106483033524120998e+02
1.234254712175241906e+02,9.693703515028018103e+01,1.106700967906265873e+02
1.231024702653247971e+02,9.668638812646132408e+01,1.102142929755006548e+02
1.233972546609301304e+02,9.693228846547837918e+01,1.105146486375742683e+02
1.233945835462442489e+02,9.696433316300459637e+01,1.105304036791006581e+02
1.235613603769719333e+02,9.710991600081950992e+01,1.107004712149149697e+02
1.232156103525575759e+02,9.683054819645404621e+01,1.103048705930303584e+02
1.233067422555173067e+02,9.689927110751163752e+01,1.105009111156104495e+02
1.234962716646513456e+02,9.702126158806932210e+01,1.106087263200322468e+02
1.233364213070184263e+02,9.678229785520088058e+01,1.104055986305507986e+02
1.235130408410837077e+02,9.685756166599271921e+01,1.105934088152041994e+02
1.234523519870235191e+02,9.674016626115165707e+01,1.103976074614760705e+02
1.236041245450869326e+02,9.679599676506268224e+01,1.105964415689445985e+02
1.235522100567720969e+02,9.669789132197891490e+01,1.104720194647201907e+02
1.235026347790839054e+02,9.676297122010538487e+01,1.105477300364815534e+02
1.235977800201816308e+02,9.693652875882946773e+01,1.107106962663975764e+02
1.234823026851098433e+02,9.670768917819364674e+01,1.104313466232709544e+02
1.235275638427239500e+02,9.678769760843128722e+01,1.104934130522902365e+02
1.236860746720484343e+02,9.694853683148335222e+01,1.106712411705348131e+02
1.234272180910665213e+02,9.669074055210349172e+01,1.104149943974737766e+02
1.233665172202975384e+02,9.672671693499083290e+01,1.103632565722437278e+02
1.233937512721351482e+02,9.673336047221657452e+01,1.103807246081823763e+02
1.236339603457041250e+02,9.706141331977630671e+01,1.107241484494153525e+02
1.236131453494269152e+02,9.699269702809615978e+01,1.106628461304391919e+02
1.235953880536367393e+02,9.700365704997967953e+01,1.105676554246241352e+02
1.237321645723550887e+02,9.712119983785974853e+01,1.107459464937170708e+02
1.236284492414214498e+02,9.708043987373994810e+01,1.106827207005396616e+02
1.237917216191539040e+02,9.723901795678197857e+01,1.108014608907375447e+02
1.236996534855279180e+02,9.719139828781084134e+01,1.107423562984101153e+02
1.239223517486061894e+02,9.741317790167258295e+01,1.109714140902179480e+02
1.233882746728877180e+02,9.691023430368191782e+01,1.103677857794908164e+02
1.235029495524816952e+02,9.690632628152970085e+01,1.104448738812042308e+02
1.233452735297136371e+02,9.667997536693010829e+01,1.103547162065072342e+02
1.234139018929371048e+02,9.674628536535720968e+01,1.104456543863220048e+02
1.233174457684081915e+02,9.659934820246461129e+01,1.103005397698339891e+02
1.235036659877800389e+02,9.675824847250508753e+01,1.104260692464358442e+02
1.235323814380418099e+02,9.686517083120857308e+01,1.106322284548699599e+02
1.234967125539346569e+02,9.681662214916786979e+01,1.105370865009245875e+02
1.235190988223246222e+02,9.685243215565796504e+01,1.106121863799283176e+02
1.235812131080806040e+02,9.682210462039486742e+01,1.105532261347445484e+02
1.235432262001627350e+02,9.683055329536207978e+01,1.105296989422294587e+02
1.234102590147282825e+02,9.677633316404265429e+01,1.104414423565261529e+02
1.234657017633268765e+02,9.684038324329833358e+01,1.104957700540209942e+02
1.234967615914464858e+02,9.687786573455331052e+01,1.104713683561221274e+02
1.234046805426115725e+02,9.681319250284767008e+01,1.104523143833488632e+02
1.234613783052259066e+02,9.686123256298147055e+01,1.104471163855923379e+02
1.235450785773366391e+02,9.709036393713813595e+01,1.106825889164598777e+02
1.233604372722540319e+02,9.685892764185319948e+01,1.104154086413326326e+02
1.235555325963426014e+02,9.704463270999070801e+01,1.106002686227916172e+02
1.235051226327227596e+02,9.705795301666148589e+01,1.106588016144054620e+02
1.237027757563156314e+02,9.724950618567419269e+01,1.108516477804345612e+02
1.238478305999584848e+02,9.729582727838904077e+01,1.108178326759393855e+02
1.240446410203661856e+02,9.742624974285126882e+01,1.110398066241514101e+02
1.238064818674447736e+02,9.726406836181742221e+01,1.109351813255523069e+02
1.238904152357165174e+02,9.723165782079300357e+01,1.109442189613903622e+02
1.238052511887533598e+02,9.712487078767831861e+01,1.108283026669423208e+02
1.236846344485749682e+02,9.699349442379181596e+01,1.106821561338289968e+02
1.238584016393442653e+02,9.707120901639343913e+01,1.107493852459016352e+02
1.237348726935367438e+02,9.695371611174105908e+01,1.105599422739923767e+02
1.237719135802469168e+02,9.699248971193415514e+01,1.106748971193415656e+02
1.236620966910627715e+02,9.690320585506648854e+01,1.104805690135037679e+02
1.235633412103154285e+02,9.683859036268364662e+01,1.104521730196239560e+02
1.236801941346550961e+02,9.696912432878976063e+01,1.105747624948368468e+02
1.236057741703482975e+02,9.691564779615740122e+01,1.104574129251001722e+02
1.237373861426670771e+02,9.705178589704226511e+01,1.106607307338041153e+02
1.238045235902159504e+02,9.715638112782724534e+01,1.106766963463309850e+02
1.239357077252780925e+02,9.729227472191040249e+01,1.108102867639555029e+02
1.239626139506299296e+02,9.735132643654614526e+01,1.108551674690156688e+02
1.240164302479844878e+02,9.740626594550464290e+01,1.108649862230839886e+02
1.237137420283892197e+02,9.713690598642254770e+01,1.105875334293355223e+02
1.237265994651306329e+02,9.718267846122196829e+01,1.105772474799424003e+02
1.237622917095247885e+02,9.724336556264142928e+01,1.106422546801069728e+02
1.237360254829428641e+02,9.730045211672832295e+01,1.106260789149198587e+02
1.236377245508981986e+02,9.714071856287425533e+01,1.105343795168284089e+02
1.237345196461633350e+02,9.714112322567372360e+01,1.106656037852293792e+02
1.236943586576075802e+02,9.708791435042206786e+01,1.106278567016676959e+02
1.236066652952067528e+02,9.696790783789343493e+01,1.105347665089487776e+02
1.236129661974725167e+02,9.695006678310900838e+01,1.104431316140963730e+02
1.236049433573635383e+02,9.687044284243047798e+01,1.104203913491246141e+02
1.234957827607488241e+02,9.679428101213741797e+01,1.103662826578893288e+02
1.235887610437641229e+02,9.690117115266077974e+01,1.104393877131703334e+02
1.235506874615226707e+02,9.688128462959163301e+01,1.104591627334290962e+02
1.234926734296546726e+02,9.681309560405779280e+01,1.103212419305256731e+02
1.232505426356589169e+02,9.656093023255813534e+01,1.100912661498708047e+02
1.234677634961439594e+02,9.679526992287917153e+01,1.102806169665809790e+02
1.234423452099804877e+02,9.672625526234726578e+01,1.102147037683540418e+02
1.237016038410460652e+02,9.700939830421901888e+01,1.104448871181938898e+02
1.235742001015744052e+02,9.698669375317419394e+01,1.103978669375317452e+02
1.234811052417716439e+02,9.693579845591223432e+01,1.103815522145469288e+02
1.235832653893191946e+02,9.696646962902568134e+01,1.102515287403179798e+02
1.235850173504796885e+02,9.705991018575218732e+01,1.104202898550724683e+02
1.236550807605806597e+02,9.719781230832140295e+01,1.106003884686158187e+02
1.237954966070326890e+02,9.722712317499485835e+01,1.105979847830557219e+02
1.238553497942386770e+02,9.732150205761317352e+01,1.106889917695473287e+02
1.235819847328244236e+02,9.713435114503816692e+01,1.103549109414758220e+02
1.234178553104156038e+02,9.700625962031811866e+01,1.102083119548486394e+02
1.233513568659457320e+02,9.690797796368087802e+01,1.101850642725974296e+02
1.233465851172273204e+02,9.689296636085626346e+01,1.101742099898063145e+02
1.233760649087221140e+02,9.683975659229209043e+01,1.101225152129817388e+02
1.236407234301971130e+02,9.710516155252997805e+01,1.104954277585856488e+02
1.237030364372469649e+02,9.706973684210525732e+01,1.105703441295546554e+02
1.237881902458686056e+02,9.712545344619104526e+01,1.106618299072954414e+02
1.238275896815800081e+02,9.719236195082628171e+01,1.106667674324869068e+02
1.238792825473599351e+02,9.723629584844820783e+01,1.107615880693268906e+02
1.238331306990881444e+02,9.716271529888551584e+01,1.106955420466058797e+02
1.238811550151975638e+02,9.717183383991894630e+01,1.107035460992907758e+02
1.238640474276527357e+02,9.719111736334404839e+01,1.106152532154340804e+02
1.237804657699257120e+02,9.719905641437462407e+01,1.106177474402730354e+02
1.238394453933487398e+02,9.724032954887972835e+01,1.106055460665126162e+02
1.238293666801129547e+02,9.723235175473980973e+01,1.106739612747075370e+02
1.236552757793764954e+02,9.706924460431655177e+01,1.103928856914468355e+02
1.237958484482063710e+02,9.727176541717049929e+01,1.106030834340991476e+02
1.236819434520771637e+02,9.720883944064509308e+01,1.106258038174951537e+02
1.236640401146131865e+02,9.713774048301269204e+01,1.105372492836676201e+02
1.240174921183768930e+02,9.749537272449913416e+01,1.109245398149089823e+02
1.238512497459865926e+02,9.734098760414549645e+01,1.107445641129851595e+02
1.237944828990227961e+02,9.732125407166124376e+01,1.107432817589576501e+02
1.237805744443316769e+02,9.728742514970059574e+01,1.106463006191007850e+02
1.236560470779220822e+02,9.701166801948052409e+01,1.105080154220779178e+02
1.240149691514109378e+02,9.732305047031455558e+01,1.109156468089410339e+02
1.241853717509570885e+02,9.749818658069716548e+01,1.111260326415474537e+02
1.240473503929075179e+02,9.734011686479951209e+01,1.110637719121499032e+02
1.240124974803467097e+02,9.725257004636162605e+01,1.109683531546059214e+02
1.239438078005629222e+02,9.721260554885404304e+01,1.108841978287092900e+02
1.238665929425957586e+02,9.714225394591333895e+01,1.107470594148989704e+02
1.238447773197949147e+02,9.708414597366039800e+01,1.106321503971046525e+02
1.240106031809542912e+02,9.721506451935580628e+01,1.107962388716615010e+02
1.239043330331231800e+02,9.716031221855298838e+01,1.106946862803962830e+02
1.240510081852665252e+02,9.729516869634657894e+01,1.108246156917548433e+02
1.240257228315054903e+02,9.738963110667995693e+01,1.109122632103688915e+02
1.240398803589232273e+02,9.739302093718843878e+01,1.109129611166500524e+02
1.240512922861989864e+02,9.739367328609918673e+01,1.108333499650733529e+02
1.240069235400361265e+02,9.742905879991972995e+01,1.109201284366847347e+02
1.240945567340404239e+02,9.757034220532320035e+01,1.111005603362017240e+02
1.241148406374502002e+02,9.759442231075696839e+01,1.109863545816733108e+02
1.239466121145594286e+02,9.746382596547250898e+01,1.108874363835944479e+02
1.243303902879502374e+02,9.778739841476873096e+01,1.112230360188622456e+02
1.244712345185777025e+02,9.793288054334797721e+01,1.113516779864163055e+02
1.242756134201301990e+02,9.771917876815223281e+01,1.111265898848272400e+02
1.241641551135221988e+02,9.760900140646975842e+01,1.109906570223025852e+02
1.239615966132446374e+02,9.742727547626247997e+01,1.109033363572220594e+02
1.242290642864306420e+02,9.758489619897703449e+01,1.110784274395747673e+02
1.239506721924593080e+02,9.725341150308298666e+01,1.107620539775598871e+02
1.244909236786681390e+02,9.776862902417009593e+01,1.114129976933106008e+02
1.245433444343526048e+02,9.785730144313249923e+01,1.116078312645070127e+02
1.244037667438815618e+02,9.761234766844596322e+01,1.112989223486756032e+02
1.242678102926336976e+02,9.754651866801211213e+01,1.112823410696266393e+02
1.241145285309591202e+02,9.741349656009712987e+01,1.110780048563334645e+02
1.242699038947900902e+02,9.749640870005057991e+01,1.111793626707132034e+02
1.244592511013215841e+02,9.760332398878654203e+01,1.113184821786143317e+02
1.242525525525525580e+02,9.737287287287287540e+01,1.109097097097097162e+02
1.243087506322711135e+02,9.744582701062215335e+01,1.110529084471421299e+02
1.241628868057655524e+02,9.733938111077512190e+01,1.108912408023384728e+02
1.239560372771474874e+02,9.714353727714748743e+01,1.105676661264181462e+02
1.241238085581017998e+02,9.730186574731291671e+01,1.108356317177043167e+02
1.237597356380274505e+02,9.702328418912048846e+01,1.103248601931875896e+02
1.239663320150086179e+02,9.727684818983875914e+01,1.106589595375722581e+02
1.239041843541540260e+02,9.722458055387103570e+01,1.104778653729533033e+02
1.238228402607986993e+02,9.714741238793806133e+01,1.104364303178484050e+02
1.240265903047658043e+02,9.733064021272244304e+01,1.107196768255266903e+02
1.239149810042098778e+02,9.739028647705103481e+01,1.107183489064585729e+02
1.237870151250128572e+02,9.723654696985286705e+01,1.104479884761806829e+02
1.241420564557219990e+02,9.759757464587791276e+01,1.109074696830734723e+02
1.245441983336720142e+02,9.789605771184719174e+01,1.113185328185328160e+02
1.244028675282714005e+02,9.775313004846526610e+01,1.112433360258481372e+02
1.245536480686695313e+02,9.775526262006948741e+01,1.114524831391784119e+02
1.245804210096055584e+02,9.778377273656244029e+01,1.113837114244839626e+02
1.243787264246603144e+02,9.757939566010951182e+01,1.112216588927195318e+02
1.243052984846943900e+02,9.747055832401098030e+01,1.110978338248754227e+02
1.243444004467458655e+02,9.750248756218906010e+01,1.111778860798050630e+02
1.244049142044877669e+02,9.759559346126509638e+01,1.112094628896334711e+02
1.245579643765903342e+02,9.765842239185751339e+01,1.113893129770992374e+02
1.243700556398583643e+02,9.762650480526049535e+01,1.112167931208902445e+02
1.243365933170334188e+02,9.756866340668297255e+01,1.111716585167074101e+02
1.242208137395215743e+02,9.747352279697403787e+01,1.110078716008996054e+02
1.243157139930342083e+02,9.748996107355050356e+01,1.110366728129481686e+02
1.242266953493136583e+02,9.752233148944888796e+01,1.110088096701495601e+02
1.242855536243737902e+02,9.749074736734485214e+01,1.109245475922707271e+02
1.243536535721555083e+02,9.769855485446774424e+01,1.111170364339507444e+02
1.243103765861645513e+02,9.764214081047892080e+01,1.110450266066311968e+02
1.245210365853658487e+02,9.782693089430894418e+01,1.112073170731707279e+02
1.245115642118076664e+02,9.795354027186041890e+01,1.112591803611280170e+02
1.246296784663759070e+02,9.802018460290089763e+01,1.113449639922913121e+02
1.246038270729978734e+02,9.806469575782119819e+01,1.114104485167561052e+02
1.244488687782805414e+02,9.784544997486173656e+01,1.111418803418803378e+02
1.243728215976629343e+02,9.774121083912561403e+01,1.110703132869950593e+02
1.244799673768987702e+02,9.773554898562544224e+01,1.112029768579875650e+02
1.242612373866068651e+02,9.747395780246661445e+01,1.108876770971358638e+02
1.241498176661264239e+02,9.739444894651539641e+01,1.107091774716369486e+02
1.242845002023472318e+02,9.740590853905301572e+01,1.107863213273978147e+02
1.242625228148448571e+02,9.750547556276617911e+01,1.108977894950314322e+02
1.242803547762259200e+02,9.751972678152716867e+01,1.108815373636456343e+02
1.240835772685979634e+02,9.737246391440395143e+01,1.107461390935702070e+02
1.240559546696347297e+02,9.729677223515126627e+01,1.105691591621977068e+02
1.243357178841309860e+02,9.758488664987405059e+01,1.109111335012594424e+02
1.240517802644964434e+02,9.738484231943031944e+01,1.106761953204476043e+02
1.242982758620689623e+02,9.754056795131846513e+01,1.108044624746450353e+02
1.244469628286491343e+02,9.777415130452301639e+01,1.110483529767301292e+02
1.243571139035265531e+02,9.769862180786380179e+01,1.109889541953790086e+02
1.244075012671059284e+02,9.773106943740496888e+01,1.111105930055752680e+02
1.242603723942521725e+02,9.769692369965594025e+01,1.109367536935842935e+02
1.244547748839087404e+02,9.792418736119523714e+01,1.111913991520290779e+02
1.243189123622763503e+02,9.779864550692408898e+01,1.109357121196805878e+02
1.243034049452776628e+02,9.781303202269963037e+01,1.109724361572760500e+02
1.243023961176827470e+02,9.792720655141037867e+01,1.111511475078354039e+02
1.243898698415901549e+02,9.791585107456361925e+01,1.111269296740994861e+02
1.243390497326742690e+02,9.786875819630787987e+01,1.110873600322808414e+02
1.243491729323308306e+02,9.784781954887218092e+01,1.110957393483709268e+02
1.243027772187562903e+02,9.774129603541959455e+01,1.109704165828134421e+02
1.242210017131915691e+02,9.764869495112365883e+01,1.109106117101682969e+02
1.244739288601455200e+02,9.777677849636216934e+01,1.111614793856103489e+02
1.241949557612122419e+02,9.757540933590969701e+01,1.107869419302349172e+02
1.244755174154467454e+02,9.782261484098940230e+01,1.110577486118122152e+02
1.243635537607269015e+02,9.776193841494195169e+01,1.110251388187784016e+02
1.241750177143435536e+02,9.762354489320782136e+01,1.108665856868104100e+02
1.241658388241257001e+02,9.762159148504815676e+01,1.108641662442980191e+02
1.241233515926151370e+02,9.762396023534185474e+01,1.108048285656319791e+02
1.241710779839772840e+02,9.771159111651962803e+01,1.109442247236588628e+02
1.241332048290554866e+02,9.765395150654357792e+01,1.107682864969057590e+02
1.242836033832670921e+02,9.778069907265872018e+01,1.110261897482930777e+02
1.242077500507202217e+02,9.781081355244471354e+01,1.109842767295597525e+02
1.243217972070431045e+02,9.787543007488362434e+01,1.110039465695203376e+02
1.243712611156022660e+02,9.806669361358125059e+01,1.112276677445432540e+02
1.242256560948424351e+02,9.789228898571283821e+01,1.109757827540784234e+02
1.244275764610881225e+02,9.806197638033712849e+01,1.111320278590895327e+02
1.244590608067429258e+02,9.814760184627733963e+01,1.112306843267108150e+02
1.242858007871631827e+02,9.804702795438490170e+01,1.110902210112019333e+02
1.244834623504574296e+02,9.820619282195636401e+01,1.112817935055795715e+02
1.244471880669219956e+02,9.827030840556339797e+01,1.112374521265873852e+02
1.245425166633003471e+02,9.820783680064633359e+01,1.113609371844071916e+02
1.240508337544214186e+02,9.786942900454775440e+01,1.108230419403739262e+02
1.240963330632090731e+02,9.785018233387357611e+01,1.108861426256077749e+02
1.240952524340058147e+02,9.780808993275117302e+01,1.108116029308441171e+02
1.238271580010095931e+02,9.756203937405351212e+01,1.106604745078243326e+02
1.237744732331888287e+02,9.751789494908760503e+01,1.105391672547635835e+02
1.238223844282238417e+02,9.747445255474453063e+01,1.105120640713706450e+02
1.238012605469147047e+02,9.757731015553522980e+01,1.106117718816712454e+02
1.237046668682592525e+02,9.748009273258743690e+01,1.106068944662836344e+02
1.238455505279034696e+02,9.762594268476621551e+01,1.106726998491704421e+02
1.239159493670886008e+02,9.764648101265822788e+01,1.106495189873417786e+02
1.237407146451937621e+02,9.753427277302465370e+01,1.105438349270256708e+02
1.238443438914027155e+02,9.775133232780291337e+01,1.108656611362493720e+02
1.237633982947624816e+02,9.752405602923263928e+01,1.105079171741778339e+02
1.238899351964358004e+02,9.772974888618874445e+01,1.106945119481571425e+02
1.239357272178636151e+02,9.789287869643935380e+01,1.109459867229933678e+02
1.237033190796171880e+02,9.760018326206474626e+01,1.104499083689676269e+02
1.234464650592562265e+02,9.744636289333878665e+01,1.104078463424601608e+02
1.235447661925713732e+02,9.757791875575564688e+01,1.105497800061393576e+02
1.236705149162239508e+02,9.762699223539027571e+01,1.105410706988148775e+02
1.236557646816826121e+02,9.772549624601460039e+01,1.106553532860228302e+02
1.236029832447895416e+02,9.760104209235798578e+01,1.104360441356763403e+02
1.235815993472052270e+02,9.755803753569971093e+01,1.105162178702570372e+02
1.235286442405708414e+02,9.743944954128440372e+01,1.103491335372069386e+02
1.238804644119131808e+02,9.768016153457850237e+01,1.107967693084300862e+02
1.238417676407697741e+02,9.768322981366459601e+01,1.109215965787598037e+02
1.235373989563081949e+02,9.738770080834953546e+01,1.105806814693543458e+02
1.236875762505083429e+02,9.751687677917853136e+01,1.106990646604310626e+02
1.238869215291750550e+02,9.773903420523139118e+01,1.109521126760563448e+02
1.239357984559122343e+02,9.776097114993905279e+01,1.111028037383177605e+02
1.238676826806620852e+02,9.768116673395236660e+01,1.109109810254339976e+02
1.239009325177980543e+02,9.774340719943847944e+01,1.109782412513787193e+02
1.238805848903330684e+02,9.765170593013809253e+01,1.109462835093419955e+02
1.236709131675499407e+02,9.750978393803505639e+01,1.106535874439461935e+02
1.239814983318168089e+02,9.776129814983318056e+01,1.109704782125164257e+02
1.241582899479375186e+02,9.800830997196635508e+01,1.112111533840608786e+02
1.240558888222355591e+02,9.793351329734052513e+01,1.111000799840032016e+02
1.242669157745909985e+02,9.808291254292062433e+01,1.113021611795596897e+02
1.244914223020147546e+02,9.834430480750049242e+01,1.115627368841013407e+02
1.241025098276383432e+02,9.794526761415180260e+01,1.111082552162080503e+02
1.239523666866387117e+02,9.793648891551826807e+01,1.109681445975634091e+02
1.237785275455735672e+02,9.779343337697653737e+01,1.108270722127102488e+02
1.239829897938763281e+02,9.796377826696017621e+01,1.109787872723634194e+02
1.237409800218666192e+02,9.772567339230693051e+01,1.107704999503031473e+02
1.236769384692346136e+02,9.764262131065532913e+01,1.107258629314657270e+02
1.236692369317043898e+02,9.757160024033646550e+01,1.107337272181053436e+02
1.238483459545635696e+02,9.759505779194898878e+01,1.107970306895177401e+02
1.236932490721235780e+02,9.745812017253486204e+01,1.107163205938409050e+02
1.238351229302558920e+02,9.756557952834921821e+01,1.108479678876066288e+02
1.239039576254247521e+02,9.759334399360383827e+01,1.110129922046771895e+02
1.242742032471437170e+02,9.784816596512327180e+01,1.113387452395269577e+02
1.239371209057824501e+02,9.754640113222806974e+01,1.109728063081277867e+02
1.240370779742765279e+02,9.763524919614147279e+01,1.111450964630225116e+02
1.240857259214009360e+02,9.767114640602729025e+01,1.112401751170840924e+02
1.241315335430833215e+02,9.768689739165736796e+01,1.112669237795595194e+02
1.240098421160549549e+02,9.754090629485340003e+01,1.110324994873897850e+02
1.239913203308485663e+02,9.765669355662207352e+01,1.110463596446441272e+02
1.240103145424836555e+02,9.761448120915032689e+01,1.110422794117647101e+02
1.241042963567711013e+02,9.772742116542504220e+01,1.111633840187774211e+02
1.241802307770856686e+02,9.777044827938323124e+01,1.111941182477279710e+02
1.241301642354381300e+02,9.784637355911455359e+01,1.111872896052228867e+02
1.240466023403818525e+02,9.776626975980290979e+01,1.111118866762471811e+02
1.241594884910485916e+02,9.794199488491048555e+01,1.112748849104859374e+02
1.242558400489646004e+02,9.795940018361726231e+01,1.113503009282872540e+02
1.240663789560213672e+02,9.781083025071927750e+01,1.111009042334566317e+02
1.241310223872898035e+02,9.779253069225214290e+01,1.111206024966470665e+02
1.241748425074873552e+02,9.780904678302178468e+01,1.111747392337085643e+02
1.242303531332925104e+02,9.786048173096550329e+01,1.115012247397428098e+02
1.243088678865875778e+02,9.782344661170320421e+01,1.113473758294791907e+02
1.241634264884568637e+02,9.766889428918589999e+01,1.112348116646415548e+02
1.242076369897700800e+02,9.764833383976501580e+01,1.112712448090752559e+02
1.240723571500554243e+02,9.748261614431119426e+01,1.110179381235513461e+02
1.241087941976427942e+02,9.741815251334743664e+01,1.109406668681373986e+02
1.241590497282061563e+02,9.747926313670222953e+01,1.110414737265955267e+02
1.240924750679963751e+02,9.743034149289815105e+01,1.109969779389543731e+02
1.239620805028895916e+02,9.729129068234817623e+01,1.108134441853391507e+02
1.240608572583906124e+02,9.745562070359886775e+01,1.110632834613829374e+02
1.239580668088130722e+02,9.731942329170473727e+01,1.109046603716113282e+02
1.240377683272579930e+02,9.735004050222762828e+01,1.109360064803564256e+02
1.238377686796315231e+02,9.721740020470828370e+01,1.106815762538382870e+02
1.240031526492423524e+02,9.737048713515711995e+01,1.108585375775450075e+02
1.241825701028848101e+02,9.754498688723018063e+01,1.109711519063949936e+02
1.242042673677823785e+02,9.759247648902821481e+01,1.110162807159470049e+02
1.241907164480322905e+02,9.767164480322905717e+01,1.110084762865792101e+02
1.240725310198728977e+02,9.757994552607686956e+01,1.110131140926056759e+02
1.241413197969543205e+02,9.762162436548223354e+01,1.110549238578680189e+02
1.243357243887654136e+02,9.773863406748837690e+01,1.111455849666599249e+02
1.243923107890499153e+02,9.796205716586150913e+01,1.113292069243156135e+02
1.243908614081097426e+02,9.787885818035101693e+01,1.112525721202340065e+02
1.244352689921692274e+02,9.776914471677005736e+01,1.112570934607952751e+02
1.240320909921803576e+02,9.740276226261805448e+01,1.109546054635929693e+02
1.238716250636780387e+02,9.727753438614365677e+01,1.107735099337748323e+02
1.239366276107998033e+02,9.722241467142129068e+01,1.108525725929699490e+02
1.241893776273966949e+02,9.739710858197477705e+01,1.111030452168563585e+02
1.242016236769088522e+02,9.736080567259274687e+01,1.111681224951186948e+02
1.241459636885834499e+02,9.729397886962765085e+01,1.111529387629500434e+02
1.242223250077089176e+02,9.741946757117895572e+01,1.112149244526672902e+02
1.241621899763301400e+02,9.730513532983431446e+01,1.110938561284347088e+02
1.238974959283387562e+02,9.710891693811075243e+01,1.107878664495113981e+02
1.243841059602649040e+02,9.748680590932247014e+01,1.112332144676515497e+02
1.243082122679580266e+02,9.749475383373687976e+01,1.112091404358353515e+02
1.241438321790625281e+02,9.738773461808692389e+01,1.110228846732911734e+02
1.242724068479355424e+02,9.746445115810674054e+01,1.111290030211480371e+02
1.241724800323526381e+02,9.740602567991102489e+01,1.109759377211606477e+02
1.243206781037458057e+02,9.755639021419145251e+01,1.112040401989645773e+02
1.243982336818597076e+02,9.763922444421885416e+01,1.112308395086793240e+02
1.240980851497249944e+02,9.741067427174577631e+01,1.109980647789773940e+02
1.244927830859930822e+02,9.780575320187030286e+01,1.113954055702378554e+02
1.242835119959162853e+02,9.757039305768249449e+01,1.111009698825931622e+02
1.242879019908116334e+02,9.767993874425727086e+01,1.111973455844818801e+02
1.241172026544155216e+02,9.753731495661051554e+01,1.110492087799897973e+02
1.241909470894076861e+02,9.753563054337853089e+01,1.111254969925578564e+02
1.240694274028629849e+02,9.737658486707566396e+01,1.109814928425357863e+02
1.242575387123064417e+02,9.745181336593317667e+01,1.112343113284433542e+02
1.242473304179802653e+02,9.739194548967761023e+01,1.111393267568392105e+02
1.242444828638258940e+02,9.731933285874097805e+01,1.111835655445947282e+02
1.240107537894305665e+02,9.712331011880377218e+01,1.109308684965178173e+02
1.240687965703786944e+02,9.715259773400021004e+01,1.109238542410942188e+02
1.240096272019664099e+02,9.704506349856616509e+01,1.108341868086849615e+02
1.238466207180331224e+02,9.684147721427837041e+01,1.105846106367657598e+02
1.238691378251075150e+02,9.694890436207249707e+01,1.107385828384190063e+02
1.242299168975069250e+02,9.721298861188057572e+01,1.111276290140556000e+02
1.239194794631964243e+02,9.696939812932086511e+01,1.107198047986986609e+02
1.239870856213138097e+02,9.709772218832621604e+01,1.108819402074435629e+02
1.241963470319634695e+02,9.722252663622526825e+01,1.109972602739726000e+02
1.243288816393108362e+02,9.739596289122235362e+01,1.111195840554592706e+02
1.242527662166277480e+02,9.737194193482895344e+01,1.110784691909450856e+02
1.241052524636797756e+02,9.732601849029767038e+01,1.110096515290053816e+02
1.242305973181633476e+02,9.733797236895570393e+01,1.110389069483949669e+02
1.246444555945810322e+02,9.782007024586050647e+01,1.115760160561966927e+02
1.243374911980686051e+02,9.761472688864299130e+01,1.113150588471984719e+02
1.245249442303792335e+02,9.777022916244169437e+01,1.114709997972013724e+02
1.244412153236459773e+02,9.781099481759983405e+01,1.114844019916675109e+02
1.242910798122065756e+02,9.759675443968156117e+01,1.112342314758113844e+02
1.242132270264744989e+02,9.748798936931412129e+01,1.112231421854236970e+02
1.241769395890831049e+02,9.733036900746192543e+01,1.110810589798630303e+02
1.240937340284166481e+02,9.722804865583154310e+01,1.109202698558724336e+02
1.240400367684608369e+02,9.713114084363191125e+01,1.108906138290266625e+02
1.241290749796251021e+02,9.713050122249389062e+01,1.110436022819885835e+02
1.240061261997141173e+02,9.699520114355728140e+01,1.109206657137022631e+02
1.240728125637364911e+02,9.698602896186008593e+01,1.108768101162553563e+02
1.242425040518638610e+02,9.719226094003241201e+01,1.111278363047001676e+02
1.240460028624003286e+02,9.691688816193007483e+01,1.108250868942956515e+02
1.240684666327050394e+02,9.691553744268975379e+01,1.107973509933774778e+02
1.240338134640923471e+02,9.699713964654203835e+01,1.108663806313208653e+02
1.240761778502957355e+02,9.695604731796859710e+01,1.107562716704058801e+02
1.241585565324064646e+02,9.704170926190963087e+01,1.109113678184420309e+02
1.241956477319166368e+02,9.717398855741724617e+01,1.109893747445852057e+02
1.243517164330692708e+02,9.738665447897624006e+01,1.111964249441397499e+02
1.244226888186729241e+02,9.746947304046479132e+01,1.114418509835898448e+02
1.245664944798946578e+02,9.758958776461055606e+01,1.114059556365846220e+02
1.245981632653061268e+02,9.749163265306123094e+01,1.112994897959183618e+02
1.247701126103276863e+02,9.782134523688749539e+01,1.116392411484224425e+02
1.247692851373182492e+02,9.779937399030694678e+01,1.115683562197092016e+02
1.245303867403314939e+02,9.756036423163494931e+01,1.113158379373848987e+02
1.247065825618068970e+02,9.788035405432903246e+01,1.116834876386204058e+02
1.247238722757222433e+02,9.792894069944247804e+01,1.115714140902179423e+02
1.245782097186700810e+02,9.777790281329923516e+01,1.115640920716112561e+02
1.245599184089750082e+02,9.758592554818969234e+01,1.113980622131565497e+02
1.246064772380079404e+02,9.748762603116406922e+01,1.114192891333129580e+02
1.244985752086301716e+02,9.745786688377772577e+01,1.114269285568898908e+02
1.245108220709277447e+02,9.744771872777157284e+01,1.114311553703891917e+02
1.242617223414036118e+02,9.713668403309837629e+01,1.111154356931249367e+02
1.244279902359642023e+02,9.728590317331163817e+01,1.112367778681855128e+02
1.243577244046407486e+02,9.728017504579686658e+01,1.112908609810706224e+02
1.242730894973436904e+02,9.708622803432774617e+01,1.110280956272987396e+02
1.244488284815904251e+02,9.731270919971599653e+01,1.112610812455624369e+02
1.241777936816276480e+02,9.712064206113893761e+01,1.109919231162457862e+02
1.246001824262693845e+02,9.740306070740852817e+01,1.113801560758082445e+02
1.243643869126490671e+02,9.725328712669453068e+01,1.111368871674650904e+02
1.242621738237107110e+02,9.713077871378672512e+01,1.109968152866241979e+02
1.242021679108293313e+02,9.714520912158707233e+01,1.109498926270579773e+02
1.244795090282004395e+02,9.739977683100019590e+01,1.112228646784337656e+02
1.244942120227457423e+02,9.744242485783915697e+01,1.112743704305442662e+02
1.244303861788617951e+02,9.743119918699187565e+01,1.111649390243902502e+02
1.246225684896628962e+02,9.766605560647724360e+01,1.114349730115083048e+02
1.243850457782299088e+02,9.748199389623600553e+01,1.112159715157680608e+02
1.245786625829504857e+02,9.758887187340479841e+01,1.112396120469627334e+02
1.244439228492703364e+02,9.756934381059291184e+01,1.112327788549851988e+02
1.245589430894308975e+02,9.775894308943090039e+01,1.113446138211382106e+02
1.246740438551759240e+02,9.790596634370218965e+01,1.116445690973992839e+02
1.246150316132979867e+02,9.781450132571895040e+01,1.116146236997756489e+02
1.245603800572129103e+02,9.758847568451164989e+01,1.113423579893747473e+02
1.245283018867924483e+02,9.758908720040795970e+01,1.114480367159612513e+02
1.246864329730275784e+02,9.759692898272552952e+01,1.113344782301242617e+02
1.245111657447244369e+02,9.744570784675271113e+01,1.112971727105101394e+02
1.245319018404908036e+02,9.746809815950919642e+01,1.113907975460122657e+02
1.244285127362366410e+02,9.731152423993425771e+01,1.111570460147904669e+02
1.244810139573070558e+02,9.728766420361247924e+01,1.111131978653530439e+02
1.247032225063938569e+02,9.761023017902813592e+01,1.115169309462915663e+02
1.244782698037603978e+02,9.741241138395150756e+01,1.112380560978115653e+02
1.245012222448563932e+02,9.745752699124058438e+01,1.113509879812589105e+02
1.242922491776315752e+02,9.729954769736842479e+01,1.110428659539473699e+02
1.243885415599057040e+02,9.735410474531106217e+01,1.112055959823716336e+02
1.243227861105403775e+02,9.732658722005342611e+01,1.110238339839737023e+02
1.246510231090298220e+02,9.769815738572737018e+01,1.114687977196375783e+02
1.246656488549618302e+02,9.783206106870228780e+01,1.116090585241730224e+02
1.247169484620085598e+02,9.790833163577103448e+01,1.116159095538806270e+02
1.249291394779771593e+02,9.799194535073409895e+01,1.116660889070146823e+02
1.249287973069468478e+02,9.804814852596143737e+01,1.117537488523921212e+02
1.250637085283940593e+02,9.825798900875228981e+01,1.119218400162833262e+02
1.251367183541096608e+02,9.832593493463058110e+01,1.119908786865308628e+02
1.248339423467316323e+02,9.809866017052375753e+01,1.117237109216402757e+02
1.251114601276725153e+02,9.834400648495288522e+01,1.119430540074982332e+02
1.248639870077141723e+02,9.816494112870482525e+01,1.118123223710921650e+02
1.249581263307310195e+02,9.815117104329311815e+01,1.117639663388421383e+02
1.249440509915014133e+02,9.818251719951436485e+01,1.119661068393363053e+02
1.251323799795709846e+02,9.831072522982636031e+01,1.120467824310520939e+02
1.249596153846153896e+02,9.804838056680162595e+01,1.118361336032388635e+02
1.250864886813521508e+02,9.818038777789057292e+01,1.119792914424931496e+02
1.251897950902820043e+02,9.825096368431731264e+01,1.120105498072631320e+02
1.251199099652138358e+02,9.823347657049313852e+01,1.120875792919991767e+02
1.250722632226322304e+02,9.821043460434604810e+01,1.119981549815498170e+02
1.250374910613954427e+02,9.811778526917969145e+01,1.119133721524159739e+02
1.250026267932915687e+02,9.815477874318044371e+01,1.119191755910284911e+02
1.250731731933790911e+02,9.824051271699636345e+01,1.119669963665724737e+02
1.252284632698997342e+02,9.837405361162267070e+01,1.122059545733578858e+02
1.249122415889744673e+02,9.818848804215646453e+01,1.118453587353060357e+02
1.249414034731390331e+02,9.822880064994414795e+01,1.118055245252361090e+02
1.249493877551020375e+02,9.823561224489796473e+01,1.118621428571428567e+02
1.251821862348178200e+02,9.846467611336032633e+01,1.120562753036437300e+02
1.251476204910578929e+02,9.849671617661917367e+01,1.120158633929473524e+02
1.251360323886639634e+02,9.856528340080971873e+01,1.120442307692307651e+02
1.252907945539524519e+02,9.869040845356634861e+01,1.123781751676488483e+02
1.250627391742195300e+02,9.851289023162135550e+01,1.119405840886203407e+02
1.250236006051437272e+02,9.854029248613211678e+01,1.119670196671709590e+02
1.250929172155233573e+02,9.862904042962813378e+01,1.121015300435707758e+02
1.251982976998682773e+02,9.863400547167898935e+01,1.121393251595906406e+02
1.248743824982357040e+02,9.831495110394193659e+01,1.117924185905837220e+02
1.251021008829797978e+02,9.852055211610677077e+01,1.120775398355830674e+02
1.249971731448763279e+02,9.829904088844018872e+01,1.118418980312973190e+02
1.250146924713750138e+02,9.832546357280372717e+01,1.118949234978214662e+02
1.249866385372714461e+02,9.834096845489250427e+01,1.118965240104480614e+02
1.249543054427294919e+02,9.825223395613322452e+01,1.118712428919577633e+02
1.248243421721020070e+02,9.812536828202783568e+01,1.116645331707812687e+02
1.247479832533442305e+02,9.811457163279894189e+01,1.116941693046053246e+02
1.248668834468041808e+02,9.821705111269180577e+01,1.118735900823087093e+02
1.247862812945247271e+02,9.820832485243232668e+01,1.117783431711785056e+02
1.248152373192096150e+02,9.824047667549399421e+01,1.117976166225300432e+02
1.248209926769731481e+02,9.828447925142391739e+01,1.118546582587469516e+02
1.247179959100204485e+02,9.816625766871165126e+01,1.115926380368098165e+02
1.249643654822335037e+02,9.837847715736040755e+01,1.119340101522842588e+02
1.248302654327265344e+02,9.842947218549781496e+01,1.118589443709956299e+02
1.248856096071646675e+02,9.845308365560757125e+01,1.119497252188072451e+02
1.248541751527494910e+02,9.846720977596741875e+01,1.118116089613034632e+02
1.250189178193653419e+02,9.862438974776240741e+01,1.120315296989422365e+02
1.250101569713758067e+02,9.860890530419615629e+01,1.120396019287986036e+02
1.249074282211096403e+02,9.854654133033615437e+01,1.119109022172269334e+02
1.248410508024123544e+02,9.851190841255238695e+01,1.117390371051824616e+02
1.246835114662239334e+02,9.824737989000726657e+01,1.115456054788834734e+02
1.247372063758389231e+02,9.823741610738254337e+01,1.117552432885906057e+02
1.247093963254593234e+02,9.816272965879265655e+01,1.117081364829396364e+02
1.246553423508440801e+02,9.806689734717416229e+01,1.116350005242738774e+02
1.245193717277486911e+02,9.793685863874345898e+01,1.115749738219895306e+02
1.246120653540008334e+02,9.796124842899035912e+01,1.116323837452869725e+02
1.245591084262055972e+02,9.794927611707113613e+01,1.115312988230392648e+02
1.252773074961754247e+02,9.859928607853136384e+01,1.123085160632330428e+02
1.252897871907137812e+02,9.859474595255065310e+01,1.122475308013440554e+02
1.251820588534772440e+02,9.859026575705121331e+01,1.122621932593422258e+02
1.252650737163192645e+02,9.854153533299441392e+01,1.122066090493136699e+02
1.251970438328236526e+02,9.853465851172272494e+01,1.120779816513761489e+02
1.256361788617886219e+02,9.893902439024390105e+01,1.126547764227642290e+02
1.253190833418970271e+02,9.862419073065460395e+01,1.121795293392251551e+02
1.253897678241216340e+02,9.868286418738442478e+01,1.122380316416683854e+02
1.251471221914435148e+02,9.850589925105160205e+01,1.120661742074484408e+02
1.251865189289011937e+02,9.856489176156766518e+01,1.120972606955986492e+02
1.251054895534616946e+02,9.855294961081523297e+01,1.119556534207292060e+02
1.252061060855263150e+02,9.875606496710526017e+01,1.122331414473684248e+02
1.249261287323070633e+02,9.846265110032028645e+01,1.118266349829527826e+02
1.250418939783839392e+02,9.868286155429747453e+01,1.120097786927431827e+02
1.251447044334975374e+02,9.876785714285713880e+01,1.121646141215106667e+02
1.250606868272680714e+02,9.877570476678626221e+01,1.120519733470015353e+02
1.251779548472775616e+02,9.879722137092655032e+01,1.121851057309224586e+02
1.250611952517396617e+02,9.863538681948423914e+01,1.120008186655751103e+02
1.251140288137325030e+02,9.862092571778890715e+01,1.120460815367324017e+02
1.249906036155653197e+02,9.850444285568379144e+01,1.120088857113675829e+02
1.251472781125523426e+02,9.863834133387804570e+01,1.120972321519763000e+02
1.251020408163265358e+02,9.855493712636570081e+01,1.121197691197691171e+02
1.244409873470234373e+02,9.785583903754407231e+01,1.112711055797552433e+02
1.247252883031301423e+02,9.807640032948928877e+01,1.115040156507413514e+02
1.247750542972385972e+02,9.812648671010445867e+01,1.116273658082531739e+02
1.247727412889300069e+02,9.814513310720526817e+01,1.115464076472402155e+02
1.247346624190730608e+02,9.812876374473331964e+01,1.116026102147775134e+02
1.247541235529146633e+02,9.811965987091485886e+01,1.115803708636410221e+02
1.247827906501990469e+02,9.813861386138613341e+01,1.115200571603552078e+02
1.247748323878287806e+02,9.817091284167096887e+01,1.115069623517276938e+02
1.247801873345550803e+02,9.812370189370800233e+01,1.115883730401140355e+02
1.240170571311138445e+02,9.741142622277024543e+01,1.105221948212083873e+02
1.239257486249745313e+02,9.738816459564066008e+01,1.103354043593399894e+02
1.240450121654501174e+02,9.756001622060016132e+01,1.106148621248986217e+02
1.241110545602605839e+02,9.758560667752442441e+01,1.106135993485342084e+02
1.241713151465798006e+02,9.768923045602605271e+01,1.107262825732899074e+02
1.243440357650883925e+02,9.785409469619996514e+01,1.109471652103231065e+02
1.242316924328722507e+02,9.791944670463792022e+01,1.109823026851098433e+02
1.243251146204788569e+02,9.790320937340804619e+01,1.109481406011207270e+02
1.243615980432123962e+02,9.797666123114554182e+01,1.109789033836119074e+02
1.242141037399368173e+02,9.780179353918271090e+01,1.107764190359726939e+02
1.242501779721346509e+02,9.783341808196888678e+01,1.110017288721651596e+02
1.242163784333672396e+02,9.773550356052899701e+01,1.108480162767039729e+02
1.241473909063167582e+02,9.759190316346251848e+01,1.107283084121656032e+02
1.240918616480162768e+02,9.748880976602238491e+01,1.106534079348931812e+02
1.240668099038264813e+02,9.755074687947616496e+01,1.107763454061796580e+02
1.241743306764766004e+02,9.752064173308808392e+01,1.107458614347026327e+02
1.240618842364531957e+02,9.737079228243021589e+01,1.107082307060755397e+02
1.240634447300771228e+02,9.735989717223650075e+01,1.106562467866323942e+02
1.243969325153374257e+02,9.763946830265848575e+01,1.109624744376278187e+02
1.242182357150158367e+02,9.747756311969743592e+01,1.107107226822038228e+02
1.242895681608370069e+02,9.752528464457893165e+01,1.108821417581290376e+02
1.243924505077443854e+02,9.760652374602523196e+01,1.108688070571340631e+02
1.245051303098707223e+02,9.780689513646623823e+01,1.111943361379027237e+02
1.245846860643185323e+02,9.793231240428789874e+01,1.113660030627871294e+02
1.242131635691549434e+02,9.760293664647294065e+01,1.108954718143546501e+02
1.243386292834890980e+02,9.769771547248183197e+01,1.109991692627206703e+02
1.247892506459948265e+02,9.816775193798449095e+01,1.116377260981912087e+02
1.248322879177377871e+02,9.808760925449871593e+01,1.115855012853470498e+02
1.249829086071026438e+02,9.836577627673727875e+01,1.117740251765428354e+02
1.249874446845734326e+02,9.840732736441287898e+01,1.118573633837604149e+02
1.250048324079786113e+02,9.848786757145795434e+01,1.118871067242442905e+02
1.249384916546466116e+02,9.842004945394600668e+01,1.117952812693179538e+02
1.250941140088650627e+02,9.854272755386043059e+01,1.119539222760540156e+02
1.252839518760195716e+02,9.870034665579119348e+01,1.122590742251223475e+02
1.251572110017253578e+02,9.852471328529381367e+01,1.120425251192530141e+02
1.249894201424211531e+02,9.824415055951169506e+01,1.117234994913529960e+02
1.246197598697598750e+02,9.785195360195359626e+01,1.113241758241758248e+02
1.249358256086380834e+02,9.812906183151675066e+01,1.116561067535907057e+02
1.247972669794003622e+02,9.791036100346725846e+01,1.115137670813787452e+02
1.247713321055862536e+02,9.789165131982811374e+01,1.114451606302435067e+02
1.244420693928128827e+02,9.746065675340767598e+01,1.109984510532837731e+02
1.245825242718446617e+02,9.765028104241184792e+01,1.111686254471129303e+02
1.246872582943211825e+02,9.776185629961327095e+01,1.113738041929574649e+02
1.246576613314303188e+02,9.778071159139565793e+01,1.113026812111326365e+02
1.247561273263500397e+02,9.776477168717583766e+01,1.113355028984033339e+02
1.246451645880188153e+02,9.778174197505622089e+01,1.113539153547331892e+02
1.247224777675559579e+02,9.782234488398242434e+01,1.113330266789328391e+02
1.246716753552080093e+02,9.785904119390779954e+01,1.114117346417254453e+02
1.246593519278096807e+02,9.785602953240361046e+01,1.113407506152584148e+02
1.248291734860883793e+02,9.795038870703764644e+01,1.114889525368248826e+02
1.248150873965041399e+02,9.796953899621793482e+01,1.114390268833691096e+02
1.249069529652351775e+02,9.810940695296523018e+01,1.115612474437627810e+02
1.249968495934959378e+02,9.828770325203251446e+01,1.118040650406504000e+02
1.250496678589678083e+02,9.823515585079202594e+01,1.116433316300459921e+02
1.251089179791368338e+02,9.837195745551237280e+01,1.118347310288402525e+02
1.251194839766560847e+02,9.839162485921981727e+01,1.119246442100952237e+02
1.252494139231474861e+02,9.850412801956987607e+01,1.121063092447253098e+02
1.251764287166971741e+02,9.833587553386210800e+01,1.119944071588366938e+02
1.250940553745928270e+02,9.818668566775244244e+01,1.119230456026058675e+02
1.251844324763743543e+02,9.822172543440707670e+01,1.119499034650950051e+02
1.250968037459283408e+02,9.803206433224755756e+01,1.117805374592833942e+02
1.250723040477907091e+02,9.791616026367287873e+01,1.117270573694510318e+02
1.249340704763873049e+02,9.775529606282938744e+01,1.116389376872997872e+02
1.249655530192986106e+02,9.786190080929652879e+01,1.117938368956214958e+02
1.247149122807017534e+02,9.763502506265663783e+01,1.114691938178780219e+02
1.248338919145370767e+02,9.771795140343527919e+01,1.114875366568914927e+02
1.247125905701984721e+02,9.757859918093038232e+01,1.114411424971122528e+02
1.246190975865687278e+02,9.752738719832109382e+01,1.113243441762854076e+02
1.250072456267467089e+02,9.783490321912844934e+01,1.115994203498602673e+02
1.248811798919817164e+02,9.771229746572497277e+01,1.114278147071042753e+02
1.248174048983845807e+02,9.773038040646170543e+01,1.114556539864512814e+02
1.249701027717222104e+02,9.782331568566385727e+01,1.115625454167964250e+02
1.248775871034841458e+02,9.780114404576183063e+01,1.115299011960478452e+02
1.249932397295891775e+02,9.790067602704108651e+01,1.115452938117524724e+02
1.249446409989594144e+02,9.798074921956295213e+01,1.116681581685744078e+02
1.249217637201508211e+02,9.794396732299958330e+01,1.116314411395056538e+02
1.248344791666666680e+02,9.786614583333333428e+01,1.114939583333333388e+02
1.249429756350440641e+02,9.799885951270087503e+01,1.116332814930015616e+02
1.250429384376616611e+02,9.811184687015003192e+01,1.117571650284531870e+02
1.249435391800726478e+02,9.806725480020757857e+01,1.116528282304099662e+02
1.248815341787813225e+02,9.791143416847097569e+01,1.115811939375193305e+02
1.247058337635518797e+02,9.763200826019617296e+01,1.112960247805885388e+02
1.248964664674976888e+02,9.774811991346450668e+01,1.114624497785103472e+02
1.250591734181109587e+02,9.784811814172905997e+01,1.116293713465285578e+02
1.249518793886823573e+02,9.765365551425030333e+01,1.114339116067740605e+02
1.246109397491260609e+02,9.743111248200699492e+01,1.111486736582356514e+02
1.247906447273103652e+02,9.749291110421194162e+01,1.112011797578391850e+02
1.246446663920922617e+02,9.740784596375617355e+01,1.112204489291598009e+02
1.247091526819726113e+02,9.745053021723462905e+01,1.113053639452280379e+02
1.245322997416020741e+02,9.727173126614987098e+01,1.109971059431524480e+02
1.247281865284974032e+02,9.743606217616580523e+01,1.112524352331606252e+02
1.244912808802158963e+02,9.718725347726801544e+01,1.108835374714552557e+02
1.245569059635389806e+02,9.737830878566278159e+01,1.110527345761664435e+02
1.244947139303482544e+02,9.728689883913764902e+01,1.109598880597014983e+02
1.246559892882892200e+02,9.749284169327428629e+01,1.111741682974559637e+02
1.247210835307446644e+02,9.756154083839736302e+01,1.112735606138634239e+02
1.245135246747883571e+02,9.744125542019409636e+01,1.111038612430311758e+02
1.244580295771714162e+02,9.730358258696105622e+01,1.109301187252655723e+02
1.247677173465183387e+02,9.761979810465595619e+01,1.113201483312731739e+02
1.246797197032151701e+02,9.762221764220939235e+01,1.112100164880461648e+02
1.246930179479199126e+02,9.765888577653284131e+01,1.112122626828509198e+02
1.245950421831059316e+02,9.767305489011560837e+01,1.112430996771169731e+02
1.246992992364815365e+02,9.767963602133667678e+01,1.112679636021336620e+02
1.248251252086811292e+02,9.781636060100167640e+01,1.115352671118530878e+02
1.248586354612893103e+02,9.780879740883919737e+01,1.115982655939818216e+02
1.247545954927822152e+02,9.760338560598192714e+01,1.113528923044968337e+02
1.246781812506502973e+02,9.753740505670586458e+01,1.113254604099469418e+02
1.245832636857501114e+02,9.738006686167989301e+01,1.112576264103635566e+02
1.250729199127454052e+02,9.777937052041134791e+01,1.117170458086631299e+02
1.247603791078603024e+02,9.762707324611105264e+01,1.114260842690841713e+02
1.247570492144417784e+02,9.756341691811465466e+01,1.114963063156799450e+02
1.247456736711990146e+02,9.764225381128966319e+01,1.115274000824062597e+02
1.246398133748055983e+02,9.749880767236909662e+01,1.114076723691031674e+02
1.248039867109634571e+02,9.767701411960132418e+01,1.115655107973421991e+02
1.247344024831867557e+02,9.753916192446973810e+01,1.114501810657009884e+02
1.248221583324776702e+02,9.769175480028749803e+01,1.115929766916521260e+02
1.248000830823553855e+02,9.772582822723023810e+01,1.115730605462664897e+02
1.247711794019933507e+02,9.768853820598006621e+01,1.116431686046511658e+02
1.247489414437674213e+02,9.761262005576783451e+01,1.114257977899411287e+02
1.248674798428778132e+02,9.785352491213562587e+01,1.117011577424023159e+02
1.246545398009950247e+02,9.764220563847429446e+01,1.114762645107794299e+02
1.246621859166580464e+02,9.776476062454761973e+01,1.115126667356012859e+02
1.248246513535684983e+02,9.788597210828548612e+01,1.115822395406070484e+02
1.248671963677639098e+02,9.793457847487358947e+01,1.116886802187596714e+02
1.246561010979904722e+02,9.778775637041640323e+01,1.114861197431116580e+02
1.248036835065335879e+02,9.793579586377198609e+01,1.117047021298487550e+02
1.247291645204491601e+02,9.777171113629339061e+01,1.115530029875347680e+02
1.247661331956634001e+02,9.780970573051109795e+01,1.116107382550335529e+02
1.248916752312435818e+02,9.781305241521069149e+01,1.116985611510791330e+02
1.249513668475478596e+02,9.782983515920957984e+01,1.117970717722944585e+02
1.247653763220043146e+02,9.766557141390286745e+01,1.115890748536810690e+02
1.247798541944758171e+02,9.767840640722866397e+01,1.115844542560837880e+02
1.247868280672958576e+02,9.767470250307755464e+01,1.115739638900287218e+02
1.246944558521560538e+02,9.764958932238192801e+01,1.115527720739219717e+02
1.249173086800205397e+02,9.787919876733435842e+01,1.118510529019003599e+02
1.248140350877193043e+02,9.771362229102167873e+01,1.116118679050567550e+02
1.250250819000819007e+02,9.795208845208844650e+01,1.119636568386568456e+02
1.247821549166069843e+02,9.777396909853678153e+01,1.116345032231658649e+02
1.248816138917262464e+02,9.780030643513789812e+01,1.116623084780388098e+02
1.250363451776649697e+02,9.812182741116751572e+01,1.119944162436548254e+02
1.249870570107858185e+02,9.800790960451976730e+01,1.118324601951720609e+02
1.247679975492698929e+02,9.780537118349842274e+01,1.115153681200857818e+02
1.247609207161125369e+02,9.781780051150894906e+01,1.115740153452685490e+02
1.246831601687069195e+02,9.788190515379076828e+01,1.114940849706820245e+02
1.247334844893331933e+02,9.797712047820262171e+01,1.116560857466762826e+02
1.250274910577414431e+02,9.816412876852325553e+01,1.118445579969340855e+02
1.249777321703437707e+02,9.819117496151872615e+01,1.118989225243714714e+02
1.249338589126651016e+02,9.816402170574383490e+01,1.118200061431350463e+02
1.248215091244617554e+02,9.810200943202788437e+01,1.118189460734057832e+02
1.247386644682605095e+02,9.790065952184666287e+01,1.116518961253091504e+02
1.247438886023723512e+02,9.779834966477565672e+01,1.115817431665807078e+02
1.248287241698365335e+02,9.782481751824818161e+01,1.116402796340084365e+02
1.247709752872978726e+02,9.779151835655446234e+01,1.115431709549476267e+02
1.247097724502234826e+02,9.773862251117431299e+01,1.114687119057293785e+02
1.247447201148246876e+02,9.778398605700225232e+01,1.114874923108468323e+02
1.247577404141890440e+02,9.769838015173262136e+01,1.115231699815460331e+02
1.248339776195320496e+02,9.783367243133265845e+01,1.116574771108850399e+02
1.247254441494792729e+02,9.777751684704921331e+01,1.115692260567694518e+02
1.247902290076335845e+02,9.783603053435113850e+01,1.116391857506361305e+02
1.247620742247076748e+02,9.782409761057448350e+01,1.115265887137773291e+02
1.249043707534732732e+02,9.805983166007504792e+01,1.118422066727512458e+02
1.247825820925963711e+02,9.783714052620844370e+01,1.115438507036508327e+02
1.249270590618984897e+02,9.801843784824232841e+01,1.117595988248404382e+02
1.249253989226547361e+02,9.795853237117593437e+01,1.116427482467730528e+02
1.248960588115172499e+02,9.802552583214212234e+01,1.117334082091076226e+02
1.249086175209311875e+02,9.812517868082500172e+01,1.117863998366346721e+02
1.249250178772091147e+02,9.817887424660332840e+01,1.118683215854530602e+02
1.250206903615691942e+02,9.822503328894806884e+01,1.118675612004506803e+02
1.248251755472945064e+02,9.815943824865757961e+01,1.118266212308963219e+02
1.250288412193369538e+02,9.834270758493276787e+01,1.120603510212460208e+02
1.252018357980622199e+02,9.859949005609382766e+01,1.122998470168281528e+02
1.253681076085840402e+02,9.869801827703049923e+01,1.124334120546257338e+02
1.249366724828081630e+02,9.822549522734270511e+01,1.119832700400287422e+02
1.249346666666666721e+02,9.816717948717948161e+01,1.119665641025641065e+02
1.249171316387683390e+02,9.813918164910104736e+01,1.119887373424261199e+02
1.248218910585817127e+02,9.798633093525180016e+01,1.118626927029804676e+02
1.248865968801313642e+02,9.803263546798029893e+01,1.118580665024630605e+02
1.252283053622595190e+02,9.839991813344248328e+01,1.122934916086778543e+02
1.250371934885637728e+02,9.815083453533895863e+01,1.120063878013599776e+02
1.249717097170971698e+02,9.815057400574005442e+01,1.119447519475194781e+02
1.249975510204081672e+02,9.815642857142857736e+01,1.118875510204081678e+02
1.250465021415459859e+02,9.816836630634306005e+01,1.119556394044462593e+02
1.250656606851549810e+02,9.827742659053834018e+01,1.120762642740619839e+02
1.249166495796596337e+02,9.814342833709247316e+01,1.118449866721345103e+02
1.248718970272755087e+02,9.815119011134947868e+01,1.118288895699254226e+02
1.247556935817805339e+02,9.809337474120083300e+01,1.117364389233954398e+02
1.248063551016197295e+02,9.809821520685029839e+01,1.117668420509646126e+02
1.249681218274111671e+02,9.834994923857867377e+01,1.119388832487309600e+02
1.244972989819239615e+02,9.795242052773737385e+01,1.115362559734053605e+02
1.246651186790505648e+02,9.810443756449947728e+01,1.116763673890608857e+02
1.245523760330578540e+02,9.805402892561983208e+01,1.114640495867768664e+02
1.246264848672657735e+02,9.806404297076748833e+01,1.115978721206486881e+02
1.249124627555738272e+02,9.838949964039863971e+01,1.119110243501489776e+02
1.248126931794766108e+02,9.844065526478466666e+01,1.118820317329486898e+02
1.249267840593141727e+02,9.841983317886932525e+01,1.119973226238286514e+02
1.250386068838729443e+02,9.851067306710244509e+01,1.121283832090695540e+02
1.249730646653644470e+02,9.839642232959802470e+01,1.120087385627634404e+02
1.246668049362231727e+02,9.804044384527637135e+01,1.116658716167167853e+02
1.247656314699792972e+02,9.812173913043477569e+01,1.118482401656314664e+02
1.246106799130704701e+02,9.795239573631377539e+01,1.116368622580978922e+02
1.244392330687557973e+02,9.784383053293474575e+01,1.115204618080610288e+02
1.244532440782698188e+02,9.786107106076210016e+01,1.115323377960865088e+02
1.245739748609107806e+02,9.798856377498454151e+01,1.116366165258602905e+02
1.244675297773174520e+02,9.786866908337648852e+01,1.115796996374935333e+02
1.245469218830832858e+02,9.794857734092084911e+01,1.116071391619244650e+02
1.244822134387351724e+02,9.778354483045558254e+01,1.114338464738922454e+02
1.241182421751501721e+02,9.756349457266308889e+01,1.111778901886394806e+02
1.242698478849760306e+02,9.771858720566784484e+01,1.113378828922692207e+02
1.241465147873340982e+02,9.766851290625979232e+01,1.112044100741979378e+02
1.239980069233189965e+02,9.744477079618168602e+01,1.109441938529319174e+02
1.240692404532102415e+02,9.755591691145615130e+01,1.110681913554343225e+02
1.238021446593776318e+02,9.725693860386880374e+01,1.106743061396131225e+02
1.239405660377358487e+02,9.759528301886793145e+01,1.109812368972746270e+02
1.241763535448738054e+02,9.777683527070897185e+01,1.111976123154257010e+02
1.240543558411461049e+02,9.766238280838513219e+01,1.109249973664805680e+02
1.238862749235151455e+02,9.760839751028589717e+01,1.109164468825825480e+02
1.241701122888025992e+02,9.777321859586525932e+01,1.112486095078182444e+02
1.241800375078141343e+02,9.785830381329444094e+01,1.113663263179829102e+02
1.237034889849267358e+02,9.736945293559607251e+01,1.107628333509012322e+02
1.237776259068447047e+02,9.736063505414783492e+01,1.108023341394175105e+02
1.240183092697216978e+02,9.759813768570830916e+01,1.111310943712073680e+02
1.240137916623132384e+02,9.748134991119005122e+01,1.110556890607042106e+02
1.240483106716110484e+02,9.755964153275648698e+01,1.110878656777915126e+02
1.240232774674115461e+02,9.757386716325264331e+01,1.111465963169873845e+02
1.241040953862104743e+02,9.757874546397097504e+01,1.111192327630896841e+02
1.241587809917355401e+02,9.765692148760329871e+01,1.110832644628099217e+02
1.241039809247356374e+02,9.761196350818991618e+01,1.111486626580966259e+02
1.240791904514789792e+02,9.758235599377270830e+01,1.110841722885313914e+02
1.240058139534883708e+02,9.756083887043189407e+01,1.110151578073089667e+02
1.240892412935323392e+02,9.764521144278606357e+01,1.110824004975124382e+02
1.241164092463978506e+02,9.762858919871462149e+01,1.110632320928786214e+02
1.242572845629262304e+02,9.782951022938622998e+01,1.113242405455672639e+02
1.240510554226889894e+02,9.775283352396797909e+01,1.111767703025891620e+02
1.239956727797238756e+02,9.764372553059962456e+01,1.109925819080980887e+02
1.237071443449281389e+02,9.743595084357426117e+01,1.107704644865653023e+02
1.238353982300885008e+02,9.760499739718896706e+01,1.109313899010931834e+02
1.238606514725777856e+02,9.761130190446456822e+01,1.107923821417421237e+02
1.239126669449081817e+02,9.766016277128547074e+01,1.109113105175292162e+02
1.239725103734439813e+02,9.773278008298754571e+01,1.110433609958506196e+02
1.241320598006644502e+02,9.775280315614618587e+01,1.110841985049833909e+02
1.240233596345514968e+02,9.767078488372092693e+01,1.110359219269103050e+02
1.240475894245723225e+02,9.757273198548470816e+01,1.110167962674961188e+02
1.240271784232365206e+02,9.752748962655601872e+01,1.109822614107883822e+02
1.239536087811949869e+02,9.742611577094335473e+01,1.109382831106969007e+02
1.238369304556354962e+02,9.723928683140444207e+01,1.107004483369825891e+02
1.239400271653954633e+02,9.739745063211785236e+01,1.108433810469125547e+02
1.239246844609973124e+02,9.748561969791019521e+01,1.109313056072832637e+02
1.238895216400911181e+02,9.741188651894802319e+01,1.108487264443984230e+02
1.239342268041237105e+02,9.748721649484535590e+01,1.109794845360824809e+02
1.241560585608971081e+02,9.762516872598899909e+01,1.112062091163949731e+02
1.241379238826091438e+02,9.765539769781187829e+01,1.111520273773721925e+02
1.241664423972673603e+02,9.773584515060552746e+01,1.111771038194803793e+02
1.241807528777351450e+02,9.777755885097998600e+01,1.112512703515503460e+02
1.242889903496938899e+02,9.781757808446612046e+01,1.112614921656116991e+02
1.243321627762858981e+02,9.795073331956207596e+01,1.113946498657302158e+02
1.243564346209460894e+02,9.794340012394133055e+01,1.114138607725676451e+02
1.241808079759061201e+02,9.789271990860940775e+01,1.112775989199293747e+02
1.241459869172463897e+02,9.780770428823591089e+01,1.112016405357699114e+02
1.238943901183736500e+02,9.772454966546577282e+01,1.109647967061245453e+02
1.242017862706407669e+02,9.796063973413646409e+01,1.113084432443659750e+02
1.242043279234290480e+02,9.790126924677485931e+01,1.112353308364544375e+02
1.239424646214234116e+02,9.765199876045862482e+01,1.110581551492614381e+02
1.242394133443503392e+02,9.789836810576326798e+01,1.113580871720718903e+02
1.240653438603781495e+02,9.764637440265946111e+01,1.111788905048826166e+02
1.241437571000722926e+02,9.767964473820097737e+01,1.111633791180419308e+02
1.240161022231456514e+02,9.750145439434864159e+01,1.110147517141076321e+02
1.240704297758585284e+02,9.761618342586881170e+01,1.111558708616080651e+02
1.239792698019801946e+02,9.755569306930692619e+01,1.110865305280528048e+02
1.242274501746455684e+02,9.768430244503801418e+01,1.112295048284364043e+02
1.243510137210731159e+02,9.776551300430062952e+01,1.113131271759164491e+02
1.241195407012507701e+02,9.761267172442074980e+01,1.111505023580069746e+02
1.239753988677303198e+02,9.754462171899125167e+01,1.110731857951621180e+02
1.242976554536187592e+02,9.774974515800204244e+01,1.113625891946992823e+02
1.242280665707828291e+02,9.771286213273063481e+01,1.111825559893158015e+02
1.245633846153846207e+02,9.805353846153846575e+01,1.116318974358974430e+02
1.243357054455445478e+02,9.793378712871286496e+01,1.113907797029702920e+02
1.242615305598356485e+02,9.786101694915254257e+01,1.112869029275808970e+02
1.242654541739041605e+02,9.788576683355471175e+01,1.112607540615101698e+02
1.242728395061728435e+02,9.794742798353910018e+01,1.113740740740740733e+02
1.243748853327897308e+02,9.797390683926205668e+01,1.113464478646417319e+02
1.243006022251709766e+02,9.799469225273043094e+01,1.112701847504338133e+02
1.242221197211972168e+02,9.790908159081590156e+01,1.111870643706437107e+02
1.242390724399753736e+02,9.789318694849168878e+01,1.111140980915247241e+02
1.241720649841626596e+02,9.782231531623583010e+01,1.112276489220394353e+02
1.241013659237958251e+02,9.775834445927904426e+01,1.110822635308616668e+02
1.241992407920385801e+02,9.774166410177490150e+01,1.111277316097260695e+02
1.239696001648804611e+02,9.755234954657872493e+01,1.110397774113767468e+02
1.240612308009483513e+02,9.758808370271106014e+01,1.110011339037212679e+02
1.240360564541052781e+02,9.756145049963943450e+01,1.110538786442773187e+02
1.241458462172747943e+02,9.757926200783343518e+01,1.110505050505050519e+02
1.239978419484122867e+02,9.753077792621519393e+01,1.110146953036686881e+02
1.245144112837285348e+02,9.796504497138184320e+01,1.115529435813573116e+02
1.244912967349881541e+02,9.792563600782779076e+01,1.115231228756823612e+02
1.243434229427457467e+02,9.782546685819824006e+01,1.113393186948491689e+02
1.241863729508196741e+02,9.770000000000000284e+01,1.111839139344262293e+02
1.241941907010161117e+02,9.772267268808374752e+01,1.112198501488248041e+02
1.243613015450731609e+02,9.790412360585285967e+01,1.114251509260206632e+02
1.242141827912721226e+02,9.779250720461095625e+01,1.112398106216549962e+02
1.242543417942657555e+02,9.780361730551844346e+01,1.112393381975131064e+02
1.243250051198033930e+02,9.797337702232233880e+01,1.113521400778210051e+02
1.242587470327175083e+02,9.793301682320156942e+01,1.112731964082980767e+02
1.242615400538190897e+02,9.794938936038087718e+01,1.112906230594079915e+02
1.242242073737478023e+02,9.796860477124857880e+01,1.113196323453475145e+02
1.241501976284584998e+02,9.785344289577699328e+01,1.112238402329935525e+02
1.241815349465157396e+02,9.792553743898639595e+01,1.112961885969467204e+02
1.243287543895889229e+02,9.805525717826895971e+01,1.113687254699442235e+02
1.241356178608515108e+02,9.782492211838005858e+01,1.111751817237798576e+02
1.242659717205077925e+02,9.796934668180411165e+01,1.113438951388172171e+02
1.241088400083004757e+02,9.771830255239676433e+01,1.111159991699522749e+02
1.242414899120538081e+02,9.778272115882049320e+01,1.112437661665804427e+02
1.244588949480399265e+02,9.801625681654491018e+01,1.115575676509928940e+02
1.242227522555221384e+02,9.774074458156175638e+01,1.111900860727989198e+02
1.242955322898310300e+02,9.789685912718979921e+01,1.114507100653052731e+02
1.243694412770809521e+02,9.795013993987768686e+01,1.114684357831450257e+02
1.244353685083445669e+02,9.794920700735980290e+01,1.114958018036695364e+02
1.243162153750389081e+02,9.789822595704949038e+01,1.114014939309057013e+02
1.244104523858706841e+02,9.799731460442058051e+01,1.114536252840322277e+02
1.244258704411612797e+02,9.803812377311706427e+01,1.114865172021903135e+02
1.241760049989585468e+02,9.789418871068527039e+01,1.114123099354301161e+02
1.244958139534883657e+02,9.814542635658914094e+01,1.116052713178294624e+02
1.244854630108639384e+02,9.816068287635799550e+01,1.115517847904811219e+02
1.244302892090805415e+02,9.808282367575411342e+01,1.114755882657821076e+02
1.242113880488059294e+02,9.792053394514547904e+01,1.112437167587861069e+02
1.243180545473400400e+02,9.805610287255004209e+01,1.113186767603442888e+02
1.244845938375350158e+02,9.824307500778088809e+01,1.115906214337586846e+02
1.244562955254942835e+02,9.824016649323621664e+01,1.115491155046826179e+02
1.246086508753862034e+02,9.841256436663233842e+01,1.117288362512873334e+02
1.247313463514902310e+02,9.842014388489208443e+01,1.117425488180883804e+02
1.245788121660501417e+02,9.826993423756678681e+01,1.115748047677764134e+02
1.244910081183845421e+02,9.814602815743499775e+01,1.114802178604460039e+02
1.244886340364530071e+02,9.806860536555396379e+01,1.113937128814253583e+02
1.245560024752475243e+02,9.818688118811881793e+01,1.115886963696369634e+02
1.245120388550170532e+02,9.813340911439495073e+01,1.115808618373462906e+02
1.244813325082508300e+02,9.800165016501649973e+01,1.114347153465346594e+02
1.244694719471947195e+02,9.797741336633663423e+01,1.113334364686468660e+02
1.244034348004936277e+02,9.800699300699301375e+01,1.114288358700123354e+02
1.244159629248197803e+02,9.800411946446962475e+01,1.114578784757981396e+02
1.243527354997943206e+02,9.794508432743727155e+01,1.113306252570958463e+02
1.242856256463288531e+02,9.789834539813857361e+01,1.112137538779731187e+02
1.240858921161825776e+02,9.765477178423236637e+01,1.108793568464730299e+02
1.242691755537325662e+02,9.796913453650533654e+01,1.111797579983593067e+02
1.243401693704723954e+02,9.806121824303642143e+01,1.112188552188552251e+02
1.243880444761807667e+02,9.809456288891155396e+01,1.112530857900642616e+02
1.244072154471544707e+02,9.811829268292683537e+01,1.112731707317073102e+02
1.243832407874810713e+02,9.815254921756688589e+01,1.114434124179707197e+02
1.242409297625063118e+02,9.802526528549772422e+01,1.110599292572006078e+02
1.244623069936421444e+02,9.821293773337370681e+01,1.112228277323645216e+02
1.242568649305907371e+02,9.808957341169318056e+01,1.110698145708785063e+02
1.242438054450902456e+02,9.806760477210156068e+01,1.110953400632201493e+02
1.245076876390855745e+02,9.822769573133724919e+01,1.113767954683390684e+02
1.243850749291211031e+02,9.812100040502227216e+01,1.112686310247063659e+02
1.244517174992400470e+02,9.809697031107508280e+01,1.113004357077718112e+02
1.242994923857868059e+02,9.795126903553298803e+01,1.112061928934010098e+02
1.244625568468923689e+02,9.803163213744315385e+01,1.112696311268317402e+02
1.243269834836356296e+02,9.792927348262234943e+01,1.112042760158070678e+02
1.243061889250814289e+02,9.787876628664494660e+01,1.111263232899022739e+02
1.243310147299508941e+02,9.792041734860883651e+01,1.112700490998363279e+02
1.242741522385001502e+02,9.788566745210532360e+01,1.111706792336850782e+02
1.239650413983440700e+02,9.763211693754472265e+01,1.108362465501380001e+02
1.243609895144049631e+02,9.795479995927924222e+01,1.112038073908174738e+02
1.242458949096880190e+02,9.792241379310344485e+01,1.111378284072249585e+02
1.243291855203619889e+02,9.804987659399424160e+01,1.113206499382969952e+02
1.244856239804241369e+02,9.820422104404568131e+01,1.114314845024469776e+02
1.244964043558660336e+02,9.824039449352784459e+01,1.114701047873433311e+02
1.245911330049261068e+02,9.829474548440065007e+01,1.114818349753694520e+02
1.244327268989618602e+02,9.822438071744269905e+01,1.113760920957960678e+02
1.245140982261868174e+02,9.828206705629037288e+01,1.114515533681943964e+02
1.244821155609905219e+02,9.833914195455008667e+01,1.114388056659533248e+02
1.245485516115871008e+02,9.841513667890656336e+01,1.115268257853937115e+02
1.245526824798941306e+02,9.844385625572635945e+01,1.115133869489972511e+02
1.242833866144168269e+02,9.821841806744353676e+01,1.112546148293286592e+02
1.244853663528448635e+02,9.833698321735570858e+01,1.114402374130167885e+02
1.243998573030272183e+02,9.818448680053002420e+01,1.113289165222709158e+02
1.244011775454268616e+02,9.814638107806314338e+01,1.113203735661354159e+02
1.245208101265822762e+02,9.822916455696201865e+01,1.114710886075949361e+02
1.244578374016542313e+02,9.825398426467621960e+01,1.114058906596731902e+02
1.242918907946818194e+02,9.798193443621232745e+01,1.112044047498223875e+02
1.245277721875628885e+02,9.817890923727108543e+01,1.113411149124572290e+02
1.245562154001006547e+02,9.826502264720684821e+01,1.115078007045797648e+02
1.243887039838628397e+02,9.811941502773575507e+01,1.112526475037821427e+02
1.245894525364138588e+02,9.825464590657961139e+01,1.115173279758915186e+02
1.244238176868004473e+02,9.817646465665019662e+01,1.114074821014419712e+02
1.245713564286435684e+02,9.821442278557721295e+01,1.113921826078173893e+02
1.244809006835544807e+02,9.823803779654201662e+01,1.113940490550864553e+02
1.243743537759756776e+02,9.809457678661935631e+01,1.112150025342118624e+02
1.243565402988108559e+02,9.806606362435206847e+01,1.111543856082935235e+02
1.243054819645404478e+02,9.809231709802322996e+01,1.111473405339311142e+02
1.241346901206790818e+02,9.795183064021271946e+01,1.110094088770709817e+02
1.241181892666939746e+02,9.800419909873002666e+01,1.110979106923392123e+02
1.240018507094386138e+02,9.788474192885050229e+01,1.108557474809788204e+02
1.240978549540347302e+02,9.800827374872318387e+01,1.109530132788559769e+02
1.241569529652351775e+02,9.807903885480573081e+01,1.110506134969325132e+02
1.242244274809160345e+02,9.821486005089057869e+01,1.111636641221374049e+02
1.243227480916030601e+02,9.827155216284987205e+01,1.112001017811704884e+02
1.241895705521472451e+02,9.817556237218813919e+01,1.111695296523517413e+02
1.241012373453318389e+02,9.808303507516106379e+01,1.110352796809489746e+02
1.241050540044833923e+02,9.803352353780313422e+01,1.110168127165274115e+02
1.242332893802616951e+02,9.801825742975961475e+01,1.110404706359671394e+02
1.242473444613050049e+02,9.801193727870510486e+01,1.111994941831057133e+02
1.241537681306420495e+02,9.786864793589613498e+01,1.110131859214930472e+02
1.240809160305343539e+02,9.787297709923663547e+01,1.110310432569974495e+02
1.240088848039215748e+02,9.777593954248365549e+01,1.109225898692810404e+02
1.240943242139648817e+02,9.780910575745201641e+01,1.109270110249081256e+02
1.241745870908906682e+02,9.787617793089472684e+01,1.110819738575336970e+02
1.241451971688574361e+02,9.790485338725986253e+01,1.110644084934277060e+02
1.242763732358615130e+02,9.796537719565438351e+01,1.111892577926693093e+02
1.241220500354502150e+02,9.792251595259799046e+01,1.111235693304973182e+02
1.242014155712841301e+02,9.792214357937309899e+01,1.111698685540950464e+02
1.241250760803408468e+02,9.789724081963886704e+01,1.110445323595049700e+02
1.240804878048780466e+02,9.791646341463415126e+01,1.110663617886178827e+02
1.239887651925237435e+02,9.780788479215605946e+01,1.109673169237054395e+02
1.239536342140433902e+02,9.781330317672457397e+01,1.108734450498612176e+02
1.237854504412066490e+02,9.772470757233736549e+01,1.108313154114508450e+02
1.239079716835949512e+02,9.789668615984405164e+01,1.110381655894121309e+02
1.239912623355263150e+02,9.795055509868420529e+01,1.110116159539473699e+02
1.239325360318920559e+02,9.799693345599509087e+01,1.109981600735970630e+02
1.237751454696591793e+02,9.783281379883624140e+01,1.108780133000831256e+02
1.236245349317899951e+02,9.774018189334435647e+01,1.108498346424142227e+02
1.236261788786402747e+02,9.763436625557052650e+01,1.106869105606798627e+02
1.235730070218917831e+02,9.748461379595208598e+01,1.104911193721602700e+02
1.234062500000000000e+02,9.728965946843854340e+01,1.104143480066445164e+02
1.231870826377295458e+02,9.703182387312186563e+01,1.101197829716193723e+02
1.231540068958311593e+02,9.694431093929578935e+01,1.101444990074182471e+02
1.231673422721130891e+02,9.702723209645567692e+01,1.101914561895852813e+02
1.232793631100082763e+02,9.709532671629445133e+01,1.102688172043010724e+02
1.232596473029045683e+02,9.701556016597510279e+01,1.102150414937759280e+02
1.232382085229623527e+02,9.698976003309888938e+01,1.101653909805544060e+02
1.231480249480249540e+02,9.694906444906445131e+01,1.101251559251559229e+02
1.231253372068893981e+02,9.695268727951857102e+01,1.101368541191118453e+02
1.233269368907131849e+02,9.717311441765008340e+01,1.103123653155464297e+02
1.232022344057101435e+02,9.694817420088962479e+01,1.099861384090203842e+02
1.230225010369141501e+02,9.682797594359186633e+01,1.097895064288676963e+02
1.230622496147919946e+02,9.696856702619415103e+01,1.099702105803800691e+02
1.227440635969440450e+02,9.666467065868263830e+01,1.096683873632046300e+02
1.224716884184564805e+02,9.642914397287020734e+01,1.092701675059089439e+02
1.224810450819672099e+02,9.651270491803278162e+01,1.092587090163934391e+02
1.225999795228831744e+02,9.663622401965803022e+01,1.095667042080475113e+02
1.223423377156943275e+02,9.641978225143796521e+01,1.092776294165981881e+02
1.220514555145551441e+02,9.622509225092251484e+01,1.090149651496515020e+02
1.219475736123935548e+02,9.608053760131322463e+01,1.089823535446804215e+02
1.216318494911072321e+02,9.578780713477948439e+01,1.086401768273876769e+02
1.215495671887881315e+02,9.557563891178895688e+01,1.085973825226710687e+02
1.211715373533648830e+02,9.525612265898332964e+01,1.081024902243259902e+02
1.208186325139433990e+02,9.483959925635198829e+01,1.076390208634579579e+02
1.208260511976971259e+02,9.476128302662691283e+01,1.077594325074534822e+02
1.206064094586185433e+02,9.453173615432483246e+01,1.075751918689068702e+02
1.204990671641791096e+02,9.449575041459370084e+01,1.075134742951907185e+02
1.205293030893975157e+02,9.443405521913167888e+01,1.074694652571076716e+02
1.202360852472584298e+02,9.429360645561763477e+01,1.073155390026898459e+02
1.203373134328358276e+02,9.434029850746269119e+01,1.073891919711785903e+02
1.202379676388745793e+02,9.432330207152426738e+01,1.073854477996495973e+02
1.201434894493051928e+02,9.421976325270200903e+01,1.072662892434379813e+02
1.201687242798353878e+02,9.426193415637860085e+01,1.073147119341563780e+02
1.200098568167669697e+02,9.410873625233450923e+01,1.072276405893338875e+02
1.201782371695978640e+02,9.434197264218862244e+01,1.074149953717988240e+02
1.198804314010162813e+02,9.412330187700922579e+01,1.071645753396246050e+02
1.199482386772106395e+02,9.425736879942486723e+01,1.072746225736879921e+02
1.198464149778829295e+02,9.419977368583478494e+01,1.071306449953708437e+02
1.199659208618189297e+02,9.427035425730267093e+01,1.072991506111456346e+02
1.199908152734778071e+02,9.433529411764705230e+01,1.072883384932920592e+02
1.198998344370860991e+02,9.429987582781457434e+01,1.071487996688741759e+02
1.200171682697280033e+02,9.438659633881476907e+01,1.073289895542455241e+02
1.199563026938104002e+02,9.436016862019329210e+01,1.073356981287271168e+02
1.200816849441426655e+02,9.445126575791739754e+01,1.075123501076150490e+02
1.199465003607875531e+02,9.428471291619420924e+01,1.074373775899391745e+02
1.200634660661275461e+02,9.438294605384379565e+01,1.075804074111986921e+02
1.200311953052609937e+02,9.426459384330279079e+01,1.074948007824565082e+02
1.198810405099732606e+02,9.403608883405306074e+01,1.072843923504009922e+02
1.201403346678985713e+02,9.420706292988398900e+01,1.075555897751770829e+02
1.200901454619954905e+02,9.420733456258963656e+01,1.075146486375742683e+02
1.197985663082437213e+02,9.388397337429594813e+01,1.071587301587301653e+02
1.200177605389404931e+02,9.414922935592528574e+01,1.074812697764621845e+02
1.200126453191923304e+02,9.417948194982663779e+01,1.075107077299612541e+02
1.201110883587590905e+02,9.425401863417630466e+01,1.076252687621582851e+02
1.201090275642996232e+02,9.427010964238138513e+01,1.076220924275028210e+02
1.201679280016363265e+02,9.446011454285130071e+01,1.078156064634894591e+02
1.204555756117128027e+02,9.473696349779382331e+01,1.080576614520657870e+02
1.204768905447588310e+02,9.472409626422313522e+01,1.080689759339442162e+02
1.203820768997880748e+02,9.465082248460994663e+01,1.079925320415783574e+02
1.204300382524662751e+02,9.472166297563921944e+01,1.081752566941815985e+02
1.203401277760876127e+02,9.466534834195314829e+01,1.080372173207585433e+02
1.203384352029000155e+02,9.473769006142381954e+01,1.080420904239250888e+02
1.203445980026228170e+02,9.474306466256430781e+01,1.080680924039140507e+02
1.202108567956248777e+02,9.468644926068462553e+01,1.079258659104719413e+02
1.204172792266639789e+02,9.486194743731749668e+01,1.081670526633773051e+02
1.201881007791156577e+02,9.456632601436810148e+01,1.079336233937063696e+02
1.204067693554925000e+02,9.462302391568707094e+01,1.080991082286177516e+02
1.202741214706479838e+02,9.453087548242940841e+01,1.079844606946983561e+02
1.202286411716843020e+02,9.439585028478437323e+01,1.078519121236777920e+02
1.202487775061124751e+02,9.429767726161368557e+01,1.077954360228198851e+02
1.201464903357070142e+02,9.423601220752797758e+01,1.078374364191251260e+02
1.202480470731459832e+02,9.432322207568225281e+01,1.079034188901288474e+02
1.202023448554679561e+02,9.432484333939761711e+01,1.077564180311299822e+02
1.202059032356222730e+02,9.432234506542245356e+01,1.077761436251141021e+02
1.202525996971226618e+02,9.427733467945482460e+01,1.077120646138314015e+02
1.201190669371196691e+02,9.422626774847870479e+01,1.076129817444219015e+02
1.200660136720742770e+02,9.409794918885827997e+01,1.073944495459647044e+02
1.203185402345329607e+02,9.444894864536999535e+01,1.078842498989082088e+02
1.203979777553083892e+02,9.451385237613750689e+01,1.079437815975733059e+02
1.205334007074280009e+02,9.455836280949974082e+01,1.079344113188479071e+02
1.203886294416243601e+02,9.451715736040608817e+01,1.078978680203045712e+02
1.203665112507601833e+02,9.447901885262517396e+01,1.078186701804175982e+02
1.204069483949614039e+02,9.458675335229581549e+01,1.079022754977651317e+02
1.204633973710818964e+02,9.463437815975733258e+01,1.079375126390293218e+02
1.202979570990806906e+02,9.456445352400407955e+01,1.078354443309499544e+02
1.204752585682417418e+02,9.469793145406610790e+01,1.079672480227134486e+02
1.204939073923639370e+02,9.473314378554020720e+01,1.079771527213647460e+02
1.205042501517911404e+02,9.462477231329690142e+01,1.078906091884233973e+02
1.204803093517858912e+02,9.455357688002442274e+01,1.078828737152742434e+02
1.206570736140563440e+02,9.478622639604159872e+01,1.082794102797132183e+02
1.204929506035094846e+02,9.456760320519322249e+01,1.080018257429759672e+02
1.204231121981045618e+02,9.438499949047182724e+01,1.078016916335473354e+02
1.204738984430650248e+02,9.440449781215019698e+01,1.078305688409484020e+02
1.205383991894630213e+02,9.459777102330293985e+01,1.080228976697061825e+02
1.205001521452479949e+02,9.451272948574906252e+01,1.079809311289177458e+02
1.203819995927509723e+02,9.434066381592343475e+01,1.077435349216045637e+02
1.203199918525308050e+02,9.432885222527752944e+01,1.077610754659333878e+02
1.204029381965552119e+02,9.448591691995947883e+01,1.079263424518743619e+02
1.205173395708329025e+02,9.459442692972643840e+01,1.078920980372216007e+02
1.204495160468670463e+02,9.447559857361181912e+01,1.078223127865511941e+02
1.205121529543374379e+02,9.459971524458455860e+01,1.078512152954337466e+02
1.204060112073357089e+02,9.452256749872644548e+01,1.077170657157412137e+02
1.203567281246816805e+02,9.449098502597534832e+01,1.077386166853417535e+02
1.203893805309734546e+02,9.462099481232834819e+01,1.077829315430780213e+02
1.203638308711156384e+02,9.462363728986245803e+01,1.077782985226693881e+02
1.203929380275890537e+02,9.456886967263743315e+01,1.077232859789993853e+02
1.204767620806401993e+02,9.469508566738483069e+01,1.079089976402995745e+02
1.205796288743882485e+02,9.486480424143556434e+01,1.079546288743882485e+02
1.205296099652848625e+02,9.478394935674903365e+01,1.080285889319991810e+02
1.204917474726635049e+02,9.466412213740457560e+01,1.078982876005776745e+02
1.203814200941272787e+02,9.455453243298546795e+01,1.078003887865766330e+02
1.202634674922600624e+02,9.440268317853457347e+01,1.077009287925696555e+02
1.202999588815789451e+02,9.442136101973683537e+01,1.076824629934210549e+02
1.203016036184210549e+02,9.437767269736842479e+01,1.077109375000000000e+02
1.203715220949263482e+02,9.449519230769230660e+01,1.077643207855973770e+02
1.204348542589350046e+02,9.445916160263672623e+01,1.077486867854567976e+02
1.203699693564862088e+02,9.453656792645556095e+01,1.078287027579162469e+02
1.203693426172435039e+02,9.448289985664550272e+01,1.078008396477575275e+02
1.202639287177386365e+02,9.444694797214256710e+01,1.077853338795575553e+02
1.204503386004514738e+02,9.455171352349681513e+01,1.078448594295095404e+02
1.203972518457752301e+02,9.454317063166530488e+01,1.077585110746513521e+02
1.203609801107238013e+02,9.456663932745540535e+01,1.078557514865696163e+02
1.204046005339905463e+02,9.452618607516943428e+01,1.076892585746559803e+02
1.203710207434791499e+02,9.454857260217703185e+01,1.077452248921749884e+02
1.204174528301886795e+02,9.474343724364233310e+01,1.077570754716981156e+02
1.203478037238967175e+02,9.465898570105956367e+01,1.077400473202345381e+02
1.205001025220422406e+02,9.482417469755998241e+01,1.078330941152347719e+02
1.203274080198429061e+02,9.472840016535758423e+01,1.077750103348491137e+02
1.203990745501285318e+02,9.480185089974293078e+01,1.078905912596401038e+02
1.205107124551512072e+02,9.492465402357765925e+01,1.079608405945668892e+02
1.204235028712059119e+02,9.478763330598852122e+01,1.078818703855619390e+02
1.203949675157265204e+02,9.470238218005569308e+01,1.077952975146952639e+02
1.202686751960379752e+02,9.457985967808501471e+01,1.077594923648369729e+02
1.202844632186276499e+02,9.451710282299607968e+01,1.077109004739336484e+02
1.203193260043152151e+02,9.454679954792972296e+01,1.077169423610397558e+02
1.203200577796120569e+02,9.463351217498967571e+01,1.078745356995460156e+02
1.203326860179885500e+02,9.461099754701552911e+01,1.077938470973017218e+02
1.204564882358984903e+02,9.468077673892940993e+01,1.078884208363300132e+02
1.206987583960920034e+02,9.494606146957052317e+01,1.081796254834113569e+02
1.208829593693147331e+02,9.513007883565796874e+01,1.084003436426116878e+02
1.208354251012145681e+02,9.511649797570849785e+01,1.083318825910931196e+02
1.208613300990499226e+02,9.510299171214877845e+01,1.083457651101677754e+02
1.208208925153621465e+02,9.514445451798125930e+01,1.083193311171552295e+02
1.208840623428858692e+02,9.524756158873806555e+01,1.084493715434891925e+02
1.209912474849094508e+02,9.526941649899396225e+01,1.084415492957746494e+02
1.210477764423076934e+02,9.538191105769230660e+01,1.085056089743589780e+02
1.208841309823677648e+02,9.533984886649874113e+01,1.084656926952141021e+02
1.207286324786324769e+02,9.518610093610094225e+01,1.082377899877899807e+02
1.207044712127398896e+02,9.513944467129439886e+01,1.081220906492445835e+02
1.207356087620988347e+02,9.534263881813551222e+01,1.083193071828833354e+02
1.207437576749897659e+02,9.532286123618501961e+01,1.083726975030700004e+02
1.209092116013071916e+02,9.548631535947711768e+01,1.085069444444444429e+02
1.205905841503267908e+02,9.513715277777777146e+01,1.081384803921568647e+02
1.205871944359210346e+02,9.503855988544543720e+01,1.080638232586683074e+02
1.205814262362076050e+02,9.506712300776460722e+01,1.081980997139354344e+02
1.205126919140225112e+02,9.493971340839304673e+01,1.081219037871033777e+02
1.204859784283513164e+02,9.488947098099640698e+01,1.080328710837185469e+02
1.205576942871847592e+02,9.493525476067935642e+01,1.081135357694287222e+02
1.205156701030927877e+02,9.484659793814432760e+01,1.080873195876288690e+02
1.203826060233558763e+02,9.479440688383527913e+01,1.079486785494775631e+02
1.204803336079077383e+02,9.490187397034596017e+01,1.080387149917627738e+02
1.206635351781884964e+02,9.507178596957010086e+01,1.082674359236189048e+02
1.207739290838286479e+02,9.523293707726993773e+01,1.084729452756712504e+02
1.207165022605836384e+02,9.517355117139334197e+01,1.084325935059597157e+02
1.207524296675191806e+02,9.523907928388746313e+01,1.084683375959079257e+02
1.206042439225381173e+02,9.503893695920889684e+01,1.082685414091470903e+02
1.204791817336501651e+02,9.495671040396734952e+01,1.080920549643558246e+02
1.205477759472817070e+02,9.509452224052718350e+01,1.082209637561779232e+02
1.203564886281774164e+02,9.490120407533188995e+01,1.079205516105793947e+02
1.205318602261048255e+02,9.506927029804727169e+01,1.081497430626927070e+02
1.204141748577340962e+02,9.506301086394205413e+01,1.081263321262286610e+02
1.205100174663515844e+02,9.519017774581321589e+01,1.081566834480632906e+02
1.205138702691554045e+02,9.515138702691554329e+01,1.082172836959884563e+02
1.204037247801345103e+02,9.507221934816347186e+01,1.080589756854630110e+02
1.202772297788391711e+02,9.494393105596510907e+01,1.079287716748001316e+02
1.204113445813062810e+02,9.497495083324707821e+01,1.079863368181347738e+02
1.204556625025599033e+02,9.512758550071677632e+01,1.082064304730698296e+02
1.203292945887668139e+02,9.494352602936646690e+01,1.080847109559502996e+02
1.204042990846446628e+02,9.495546641982926417e+01,1.081047001954129314e+02
1.203625386996904041e+02,9.489742002063982795e+01,1.080997936016511858e+02
1.205717382328653997e+02,9.504149463253509111e+01,1.081729975227084992e+02
1.204178350515463904e+02,9.487845360824742613e+01,1.079818556701030872e+02
1.204319326004315229e+02,9.498541045926229742e+01,1.081825747457104683e+02
1.204566937223877545e+02,9.499619849994863330e+01,1.082458645844035772e+02
1.203153624974327442e+02,9.477017868145409807e+01,1.079319162045594567e+02
1.204245099045468521e+02,9.493461972698347040e+01,1.081228574361079779e+02
1.206120118282859153e+02,9.522341184867951824e+01,1.083586213928826396e+02
1.207337615988579529e+02,9.533078413378198945e+01,1.085384929132252410e+02
1.206003256003256041e+02,9.526963776963776809e+01,1.084573667073667025e+02
1.207915481511580680e+02,9.541202763104429607e+01,1.086064607882974400e+02
1.207839206156338605e+02,9.550111381125961429e+01,1.086873228027541529e+02
1.205703324808184078e+02,9.527120204603581044e+01,1.084120716112531966e+02
1.206378339645818443e+02,9.532951172074930923e+01,1.084625857303715861e+02
1.206525831202046106e+02,9.530158567774935818e+01,1.083871099744245470e+02
1.206527423143703430e+02,9.535971810846696428e+01,1.084507200490246106e+02
1.206805004577357323e+02,9.536140779167938319e+01,1.083258061234869274e+02
1.206209463593718141e+02,9.541331837650417924e+01,1.085403834387109896e+02
1.206309499489274799e+02,9.525383043922369097e+01,1.083243105209397328e+02
1.204053942763022462e+02,9.499042618900556079e+01,1.081365040148239700e+02
1.203112487100103181e+02,9.492662538699690344e+01,1.080578947368421012e+02
1.202570513482797878e+02,9.478262217171194948e+01,1.080110548610393693e+02
1.201653054895068777e+02,9.466721802956683973e+01,1.078349012715806907e+02
1.204146043385273401e+02,9.491017415215398501e+01,1.081568387819533541e+02
1.202440767973856168e+02,9.472365196078430927e+01,1.079195261437908471e+02
1.201799570068584302e+02,9.469167775616746496e+01,1.078615006653700448e+02
1.203733319646889726e+02,9.476678300143707645e+01,1.079934305070827349e+02
1.203756500458855925e+02,9.481288875293158469e+01,1.079769552360558720e+02
1.204553562379649350e+02,9.489510489510489322e+01,1.081533394142089861e+02
1.206819507290095572e+02,9.511664152840623387e+01,1.083779788838612319e+02
1.207584394582575271e+02,9.515110167778451000e+01,1.083718415201131933e+02
1.206089368569699474e+02,9.515725237038530793e+01,1.083740165422634618e+02
1.206475319191716125e+02,9.512968734291746387e+01,1.082475118126068168e+02
1.206289011540391414e+02,9.517109884596086999e+01,1.083147014550928304e+02
1.207122849139655898e+02,9.531362545018006927e+01,1.085201080432172915e+02
1.206572982774251983e+02,9.521537221718544686e+01,1.083251737685101261e+02
1.205220617729643067e+02,9.506297633373445422e+01,1.081591456077015607e+02
1.207925040192926076e+02,9.534495578778134472e+01,1.084026326366559516e+02
1.208115288220551378e+02,9.543769423558897813e+01,1.085669172932330895e+02
1.205810252794843365e+02,9.517453922852250514e+01,1.083012387954476736e+02
1.205465092816787802e+02,9.498446327683615209e+01,1.081349878934624655e+02
1.204289311977435233e+02,9.481172559685705892e+01,1.079693764480709177e+02
1.203857157247909697e+02,9.469809610154125323e+01,1.078236123703032092e+02
1.204538181081628494e+02,9.476281142394167034e+01,1.080021267976503907e+02
1.203636730575176585e+02,9.468405650857719991e+01,1.080414732593340119e+02
1.204585804868071222e+02,9.472213131519738738e+01,1.081133156064634875e+02
1.201300020312817338e+02,9.441793621775340739e+01,1.076489945155393002e+02
1.203625653109312594e+02,9.462544821227332648e+01,1.080133183075504490e+02
1.203022190553745929e+02,9.455964983713354854e+01,1.078608509771986945e+02
1.200963549598943985e+02,9.440288354147628525e+01,1.076114326327545996e+02
1.204753528328901666e+02,9.466700756800982219e+01,1.080333401513601927e+02
1.203182883341823697e+02,9.456668364747835653e+01,1.079173713703515034e+02
1.203497744052502014e+02,9.460305578342904198e+01,1.079566242821985185e+02
1.203843794725005125e+02,9.463412390104272731e+01,1.079620731956655106e+02
1.203708555055259950e+02,9.465544412607449942e+01,1.079963160049119892e+02
1.205301376848546653e+02,9.482631310555838411e+01,1.080660887302396702e+02
1.205831217629734908e+02,9.490910937341321585e+01,1.081510104600385915e+02
1.206664979244709883e+02,9.506813809861293407e+01,1.083004961020552770e+02
1.208390653449322230e+02,9.512300222536920558e+01,1.083310742464090595e+02
1.208317273557155858e+02,9.513804645501572566e+01,1.084451769956385050e+02
1.207989873417721469e+02,9.519159493670886718e+01,1.083334683544303800e+02
1.208750252372299627e+02,9.525398748233394031e+01,1.084944478094084417e+02
1.208646274984857598e+02,9.516343630123157027e+01,1.085002018978396876e+02
1.208254593175852989e+02,9.505511811023622215e+01,1.084038966283060716e+02
1.210998996990972927e+02,9.524433299899699534e+01,1.087490471414242705e+02
1.209185215026689519e+02,9.509789505488971884e+01,1.086153691207573786e+02
1.208129416515243264e+02,9.488693720977185819e+01,1.084376135675348252e+02
1.208598790322580641e+02,9.490171370967742348e+01,1.083439516129032256e+02
1.209377917596914926e+02,9.500679926933224806e+01,1.085045666734321088e+02
1.209466920991868335e+02,9.504377070575243636e+01,1.086154000602349186e+02
1.210158427754938373e+02,9.507640629700190971e+01,1.086053344028877916e+02
1.209408194233687368e+02,9.497329286798179737e+01,1.085705614567526567e+02
1.209011433775169451e+02,9.496873419002326955e+01,1.086117575634928727e+02
1.207835104209235766e+02,9.482110747854515864e+01,1.083724969350224825e+02
1.208434685824142463e+02,9.493149853283415496e+01,1.084832540726499985e+02
1.210454453029686874e+02,9.510410736071574433e+01,1.086194591297275309e+02
1.207147514262428700e+02,9.482436837815811259e+01,1.083376120619396943e+02
1.206876528117359442e+02,9.487000814995924713e+01,1.083119396903015428e+02
1.208596419853539459e+02,9.497975996745321936e+01,1.083381814483319801e+02
1.209263672471738431e+02,9.508452999287096929e+01,1.085178735105407952e+02
1.209258618936235194e+02,9.508359605410352344e+01,1.084659818976914494e+02
1.208523215381468674e+02,9.506637349151155547e+01,1.084364900797709197e+02
1.209356314826113419e+02,9.518191986983933361e+01,1.084280048810250179e+02
1.208681822815781430e+02,9.515913956570496168e+01,1.084207360587215874e+02
1.209988837020499233e+02,9.530586563831946023e+01,1.085908260604830531e+02
1.208274385893384988e+02,9.510335337886046148e+01,1.083900723677504772e+02
1.208745800671892567e+02,9.510984424310292695e+01,1.085053445994095540e+02
1.207895166224760288e+02,9.496186008566184000e+01,1.084157658576381777e+02
1.207175580325186672e+02,9.481593209939666167e+01,1.081474588403722237e+02
1.208108108108108070e+02,9.492177460479346962e+01,1.084434472208057088e+02
1.208555816566234284e+02,9.486303748340311870e+01,1.083709529159432066e+02
1.208782653061224437e+02,9.491408163265306541e+01,1.083622448979591866e+02
1.210367467426710135e+02,9.505323697068403987e+01,1.085667752442996772e+02
1.208151610608677942e+02,9.486769637231988384e+01,1.083373640890153382e+02
1.207593800978792871e+02,9.483482871125612235e+01,1.082190048939641116e+02
1.209265364265364298e+02,9.492073667073667309e+01,1.084290801790801737e+02
1.210077220077220090e+02,9.500386100386100452e+01,1.085694980694980671e+02
1.210081210029438665e+02,9.506638919906608010e+01,1.085374073698101682e+02
1.206811107720476031e+02,9.481070084426812627e+01,1.081388465059505677e+02
1.210080930703085471e+02,9.510268082953970747e+01,1.085248356095093527e+02
1.207517614622689734e+02,9.494935157765750944e+01,1.083001123251302005e+02
1.209772866164188230e+02,9.518588307190873365e+01,1.085531676512528065e+02
1.210629520220026478e+02,9.524314963838239123e+01,1.085863298359987823e+02
1.213035858178888020e+02,9.550191377921031233e+01,1.088840652699435907e+02
1.209332723019021500e+02,9.525561997762180511e+01,1.085673888719357194e+02
1.210764544623819745e+02,9.538308457711443111e+01,1.086921514874606629e+02
1.212019813991103945e+02,9.552598059037606504e+01,1.089126566922765846e+02
1.210660243407707952e+02,9.534259634888438484e+01,1.087622718052738406e+02
1.210947934639196149e+02,9.530498325383132396e+01,1.086788795290774345e+02
1.211567912488605288e+02,9.533140889294034537e+01,1.087345285121037222e+02
1.208740286298568520e+02,9.508087934560327881e+01,1.085286298568507135e+02
1.210011156186612595e+02,9.513397565922920762e+01,1.086222109533468512e+02
1.210485002541942094e+02,9.514234875444839190e+01,1.085446873411286219e+02
1.210217457575449629e+02,9.510994817599836892e+01,1.085456762524133723e+02
1.210275192229866406e+02,9.516096721974908235e+01,1.085986442735734556e+02
1.209027439024390276e+02,9.506006097560975832e+01,1.084548780487804862e+02
1.209221893189012604e+02,9.498713366690493842e+01,1.084014091698151674e+02
1.207792300622893862e+02,9.490064331665475095e+01,1.081061983049116719e+02
1.209610894941634172e+02,9.514089698955559982e+01,1.084521810362482057e+02
1.210218501123136576e+02,9.517030835205227390e+01,1.085749438431692937e+02
1.209444672974084796e+02,9.514016865487454311e+01,1.085373303167420858e+02
1.211130568356374795e+02,9.534347158218126594e+01,1.086909370199692830e+02
1.212396407430087777e+02,9.550438865074505657e+01,1.089149826495203115e+02
1.210533278638088461e+02,9.539349810275868435e+01,1.087352066454722603e+02
1.212169869174161931e+02,9.559239574816025709e+01,1.089022894521667979e+02
1.210649682832003293e+02,9.540423572744015246e+01,1.085931041538776327e+02
1.210384456813028180e+02,9.542444856730571701e+01,1.086833642547928207e+02
1.212035002035001980e+02,9.554365079365079794e+01,1.088807488807488824e+02
1.211423301567783568e+02,9.543774976944358457e+01,1.088377907572497207e+02
1.211393467799733799e+02,9.534462987611344431e+01,1.087365618920855894e+02
1.211459249412005335e+02,9.540014316392269222e+01,1.088014111872379601e+02
1.209307012132428554e+02,9.510641579272054003e+01,1.085097676331482575e+02
1.209857054709995907e+02,9.511013986013986710e+01,1.085305429864253455e+02
1.207374163664436395e+02,9.491250643335048665e+01,1.082793618116315031e+02
1.207414538714991750e+02,9.492009884678748222e+01,1.082554571663920910e+02
1.206913376059541037e+02,9.488133140376265828e+01,1.082623526979532755e+02
1.208787227509978521e+02,9.510387882509466806e+01,1.085310613038583512e+02
1.208910961695191588e+02,9.513477995110024210e+01,1.085086593317033419e+02
1.211723195302217277e+02,9.543201376936316649e+01,1.087735142249671014e+02
1.215480593375330187e+02,9.576254826254826469e+01,1.092955700060963267e+02
1.215164734594264786e+02,9.573540776896481930e+01,1.092075452511694067e+02
1.214363209952075096e+02,9.569929642092382949e+01,1.091635566432140365e+02
1.216935532840805649e+02,9.595374962048376233e+01,1.093778969739904880e+02
1.215632300660233653e+02,9.584398171660741639e+01,1.092490604367699376e+02
1.214221839196998900e+02,9.578708303761533216e+01,1.091073709824596989e+02
1.214228351247211464e+02,9.585692557290610694e+01,1.092136483471912385e+02
1.212475369458128114e+02,9.566820607553366074e+01,1.089778325123152740e+02
1.216373525823505446e+02,9.607787718584791037e+01,1.094486579910532669e+02
1.214227817009518020e+02,9.585436495752738040e+01,1.091552553474567588e+02
1.214049586776859542e+02,9.570013263952657212e+01,1.089631670237730816e+02
1.213869547409379521e+02,9.569404054884292066e+01,1.091349580176121208e+02
1.216277890466531488e+02,9.597292089249492619e+01,1.094169371196754525e+02
1.215683943089430841e+02,9.582479674796748270e+01,1.094409552845528424e+02
1.215039650264335052e+02,9.579839365595771028e+01,1.093299105327368892e+02
1.215560064935064872e+02,9.579484577922077904e+01,1.093969155844155807e+02
1.213497112754533447e+02,9.568493567014486700e+01,1.091398034646945661e+02
1.216128475745889972e+02,9.576608483864420407e+01,1.092825248629997930e+02
1.215115521628498669e+02,9.569038167938931849e+01,1.090992366412213670e+02
1.217592779346510667e+02,9.598033481242435982e+01,1.094554255748285669e+02
1.214942680328700391e+02,9.571340164350208113e+01,1.091692198437658448e+02
1.214926208651399548e+02,9.570646310432570658e+01,1.090805089058524118e+02
1.215642059553349839e+02,9.588006617038874424e+01,1.093690033085194386e+02
1.215397429305912596e+02,9.576874035989716560e+01,1.092166580976863770e+02
1.213783619202273485e+02,9.573378666396021686e+01,1.090736831421901911e+02
1.218091430914309115e+02,9.619710947109470567e+01,1.096254612546125458e+02
1.211995710346236308e+02,9.565672556429373685e+01,1.088927586559084943e+02
1.216340311986863725e+02,9.606845238095237960e+01,1.094292898193760237e+02
1.212898846585689512e+02,9.574083903235684545e+01,1.089836684699397722e+02
1.213985455290382021e+02,9.586080098330431554e+01,1.090855269896548236e+02
1.218307880268784373e+02,9.634412543270209994e+01,1.097083078802687908e+02
1.217102774922918798e+02,9.630205549845837254e+01,1.096505652620760571e+02
1.215540902534514771e+02,9.607758087780754863e+01,1.094233463836801974e+02
1.215246590792576598e+02,9.605977647903209515e+01,1.094078745001537953e+02
1.218578634116816346e+02,9.630888731968123295e+01,1.097187531524261033e+02
1.216700725452130314e+02,9.615622764892204088e+01,1.095186471850413881e+02
1.215955397871261994e+02,9.601125190065889115e+01,1.093766852508869789e+02
1.216451022276472429e+02,9.601169769097751328e+01,1.093603906011595939e+02
1.215089631289468315e+02,9.593135058056630271e+01,1.093337746995314745e+02
1.216242751042832424e+02,9.600356089124021253e+01,1.094702411232068329e+02
1.216194113453508550e+02,9.597667786943681278e+01,1.095018841022507416e+02
1.215753480753480744e+02,9.587070024570024884e+01,1.093697788697788695e+02
1.213448170420956131e+02,9.570492304556110241e+01,1.090891856079910269e+02
1.214983230003049073e+02,9.585730257139952926e+01,1.092482975912186163e+02
1.214796789270473454e+02,9.589768339768339445e+01,1.092783986994513299e+02
1.214933862433862402e+02,9.592216117216116800e+01,1.093185795685795654e+02
1.214567548248749063e+02,9.579812110691310068e+01,1.091351986112529318e+02
1.212122882220861442e+02,9.567677076954480242e+01,1.090300061236987119e+02
1.212613147655130064e+02,9.574278107720662945e+01,1.090971738685234556e+02
1.212847044360209026e+02,9.582716934740292913e+01,1.091868660997848650e+02
1.212514320785597448e+02,9.582221767594107575e+01,1.090895049099836314e+02
1.212921865412149742e+02,9.591276334628759059e+01,1.092254039680916406e+02
1.211737614114268098e+02,9.579720997025336260e+01,1.090279002974664024e+02
1.213664137789624817e+02,9.596555259380767211e+01,1.091618823046955100e+02
1.214032622076323378e+02,9.605467788264259354e+01,1.092779031596224826e+02
1.209452802967848299e+02,9.566838417147567952e+01,1.088257419620774868e+02
1.214346532622076325e+02,9.589885104636849178e+01,1.092221994255231863e+02
1.212940094050296409e+02,9.582835820895522261e+01,1.091909629932529100e+02
1.212509194932570438e+02,9.582120964446261269e+01,1.092104617899468764e+02
1.212909555442003011e+02,9.580889115993868188e+01,1.091615738375063813e+02
1.211152423993426481e+02,9.564400164338537991e+01,1.090801150369761672e+02
1.211857025472473310e+02,9.567276088742809748e+01,1.090633730484798747e+02
1.213490537084398966e+02,9.585902813299232150e+01,1.093146803069053732e+02
1.212688989317995123e+02,9.576366064092029262e+01,1.091993631881676237e+02
1.212275387616798383e+02,9.578047027415546211e+01,1.091740425094978946e+02
1.212689860426929442e+02,9.577699096880131435e+01,1.091337233169129775e+02
1.211189594900267394e+02,9.560939749126053755e+01,1.089571252313386793e+02
1.211883864337101784e+02,9.577430626927029778e+01,1.091356628982528321e+02
1.209589394408335892e+02,9.551201898277106750e+01,1.088156401526875072e+02
1.213953488372092977e+02,9.595787433700530755e+01,1.092618319053447635e+02
1.212271141215106667e+02,9.584903530377668801e+01,1.092372742200328446e+02
1.212287353965976564e+02,9.585181389629022419e+01,1.090681492109038686e+02
1.212995443037974752e+02,9.588313924050632409e+01,1.090958987341772115e+02
1.212606539123393077e+02,9.593005364915477173e+01,1.090846239497924870e+02
1.212608915394723539e+02,9.602486606691600457e+01,1.092403719801880158e+02
1.214099153567109965e+02,9.613784764207980515e+01,1.092435509875050315e+02
1.212459314666936194e+02,9.589861518245223237e+01,1.091177600323460979e+02
1.210280687480931618e+02,9.559737618224346534e+01,1.088237567375165327e+02
1.210229007633587770e+02,9.560854961832060894e+01,1.088405089058524169e+02
1.211563544303797499e+02,9.564212658227847896e+01,1.089350886075949347e+02
1.211505822784810107e+02,9.556556962025317148e+01,1.088337215189873461e+02
1.211825260390332630e+02,9.556052179188998252e+01,1.088534735564768994e+02
1.210585553641981562e+02,9.546945598216998974e+01,1.087210009117617204e+02
1.210875720497522536e+02,9.555506117908787189e+01,1.088391141672565539e+02
1.208672566371681398e+02,9.525755263960940056e+01,1.084493947716407263e+02
1.210964708261704885e+02,9.549024168267771984e+01,1.087154413995348392e+02
1.211601867830677151e+02,9.560207085575068220e+01,1.089702568267180993e+02
1.211534396910883089e+02,9.559221623818717717e+01,1.089982725332791347e+02
1.209996932201656676e+02,9.536067082523774729e+01,1.086261376418856770e+02
1.209856836077308486e+02,9.537140811943962149e+01,1.085575212189385468e+02
1.211842561435709200e+02,9.566727847455898370e+01,1.088955847863770714e+02
1.210835731907894797e+02,9.566673519736842479e+01,1.089258840460526301e+02
1.211206825657894797e+02,9.564319490131579471e+01,1.089810855263157947e+02
1.212352218010449718e+02,9.572297920295051199e+01,1.088725540415940998e+02
1.211241054998977660e+02,9.569270087916581247e+01,1.088790635861787024e+02
1.210568565292974768e+02,9.559770937723693862e+01,1.086583495244912569e+02
1.211886830856910251e+02,9.572725422348869984e+01,1.089018929371056430e+02
1.212526647040909609e+02,9.575170033499136935e+01,1.089941122728656921e+02
1.213050604384347508e+02,9.580444581028477558e+01,1.091278426551936036e+02
1.211761943650469533e+02,9.569181298489179710e+01,1.090473662719477375e+02
1.212005923807578398e+02,9.564457154529669936e+01,1.090944745174139570e+02
1.211347772531307783e+02,9.559546294395401844e+01,1.090388010675425932e+02
1.212498465316144944e+02,9.558471454880294971e+01,1.090523838755882906e+02
1.209683745764452141e+02,9.534931717835506504e+01,1.086957593182051482e+02
1.212146938775510137e+02,9.559408163265305802e+01,1.089873469387755165e+02
1.211135688684075831e+02,9.555627240143368795e+01,1.090589861751152085e+02
1.211486375742675676e+02,9.554036058184797753e+01,1.089906781397254605e+02
1.212355573637103276e+02,9.550895036615133904e+01,1.089084621643612678e+02
1.211332858161083408e+02,9.548437022706445987e+01,1.089328988901333872e+02
1.211612478476653507e+02,9.555606198723792488e+01,1.090273473108477731e+02
1.212212075088787486e+02,9.557128361237950287e+01,1.090150177574835055e+02
1.210645525451559905e+02,9.554351395730705576e+01,1.089259031198686358e+02
1.213923162923061341e+02,9.583575566622624820e+01,1.092479926821831526e+02
1.212628389482333660e+02,9.574116680361544240e+01,1.091733771569433031e+02
1.214900305188199354e+02,9.594069175991862153e+01,1.094385554425228833e+02
1.212484109083452921e+02,9.577004305925774474e+01,1.092031986877178582e+02
1.214128618018752519e+02,9.596331023236852786e+01,1.093885038728088119e+02
1.211661247713879277e+02,9.586222312538102130e+01,1.091777077829709413e+02
1.214180402467387978e+02,9.590079886742844906e+01,1.091776721609869583e+02
1.207388097920721037e+02,9.530052238041585611e+01,1.086296220424050034e+02
1.208889116202945928e+02,9.533551554828150643e+01,1.087693330605564626e+02
1.206369989722507654e+02,9.501151079136690214e+01,1.085755395683453202e+02
1.209959007993441276e+02,9.532414429186309235e+01,1.089242672678827688e+02
1.207190790832128897e+02,9.497408631013834679e+01,1.085674168903572223e+02
1.209127578774504741e+02,9.520404392897464163e+01,1.088506620137534640e+02
1.209150118324930503e+02,9.511842782179236622e+01,1.087936001646259854e+02
1.210454127032832190e+02,9.526010023524598580e+01,1.088621253963383424e+02
1.208929230769230827e+02,9.518594871794871892e+01,1.088064615384615337e+02
1.209415976270839792e+02,9.525856602229723080e+01,1.088562953871330734e+02
1.210282422512234888e+02,9.535664763458400728e+01,1.089787928221859659e+02
1.209601760851760872e+02,9.528552416052416163e+01,1.088822686322686337e+02
1.209567528882527370e+02,9.525488191391472981e+01,1.088250690113485319e+02
1.210379915802443804e+02,9.530187904302289326e+01,1.089864462470479509e+02
1.209652549342105203e+02,9.529276315789473983e+01,1.088189761513157947e+02
1.210343597063621530e+02,9.535838091353996049e+01,1.089398450244698182e+02
1.210444671086180506e+02,9.538847526772055119e+01,1.089043345232024507e+02
1.210890389929382849e+02,9.548255040425749485e+01,1.090632483880872030e+02
1.211647166547970329e+02,9.554949638823887881e+01,1.090281819106725010e+02
1.210372259051504358e+02,9.546353901070882841e+01,1.089684854665986791e+02
1.213063860077282925e+02,9.568771608704494724e+01,1.093102501525320349e+02
1.213159824793725221e+02,9.562789039421411985e+01,1.093533666089436736e+02
1.211665637224624277e+02,9.540467366687255435e+01,1.091435042207123729e+02
1.211212059064807249e+02,9.522877358490566735e+01,1.089525225594749855e+02
1.214041572803604367e+02,9.551413065738275066e+01,1.093363710833504001e+02
1.213321044546850942e+02,9.542908346134151998e+01,1.092717869943676448e+02
1.215179476779557888e+02,9.557077671871830660e+01,1.094653214358142321e+02
1.213919530767647643e+02,9.548291829594566593e+01,1.093031487960485748e+02
1.214035394587920536e+02,9.545066364852351626e+01,1.093358370202695795e+02
1.216373873873873919e+02,9.567332104832104278e+01,1.096252047502047446e+02
1.214573413712067094e+02,9.549300091958720316e+01,1.092511494840094031e+02
1.214486618500050810e+02,9.549994911977205447e+01,1.093134222041314700e+02
1.214042466727623690e+02,9.557289444275119195e+01,1.094310677638931253e+02
1.213991451251780944e+02,9.552646041115407627e+01,1.094664156319967390e+02
1.215798895253682446e+02,9.568606792144025519e+01,1.095635229132569606e+02
1.214280832556694634e+02,9.557906182044112597e+01,1.094569742155949115e+02
1.216740024681201220e+02,9.587320032908267819e+01,1.097480460715754873e+02
1.214025337147527637e+02,9.561800163465467506e+01,1.094551491622394792e+02
1.213159465020576135e+02,9.544835390946502685e+01,1.091180041152263414e+02
1.212336815971863047e+02,9.545898417295954630e+01,1.091819592427847283e+02
1.211023500309214569e+02,9.523778602350030553e+01,1.088936301793444699e+02
1.211032024793388473e+02,9.514803719008264693e+01,1.089052685950413206e+02
1.212040562913907280e+02,9.519670943708609911e+01,1.089615066225165521e+02
1.213725510521405653e+02,9.536674613869597295e+01,1.093268373587643794e+02
1.210928445321424931e+02,9.507456641395783947e+01,1.090141240004154071e+02
1.209759907737471138e+02,9.488613965191863997e+01,1.087703921157475406e+02
1.208348026868177953e+02,9.478452980688497576e+01,1.086736985726280409e+02
1.206292848074481583e+02,9.459415996614472988e+01,1.084704824375793493e+02
1.207112242732866605e+02,9.458816040738383890e+01,1.084715680033948644e+02
1.206532018659881231e+02,9.467366412213741000e+01,1.085778201865988137e+02
1.208655223251895592e+02,9.480454928390901159e+01,1.087561078348778381e+02
1.207117690756659272e+02,9.472598959991509560e+01,1.085794333014963371e+02
1.207683004455760596e+02,9.476999787820921028e+01,1.086276257161043901e+02
1.208182686187141996e+02,9.484733715255676145e+01,1.086529811160619516e+02
1.208891364311478895e+02,9.489624443029917700e+01,1.087777424145979239e+02
1.208363868768640828e+02,9.481561567959096237e+01,1.085584789092458493e+02
1.209643844354667266e+02,9.502498405273229309e+01,1.087669572613225597e+02
1.209011727078891312e+02,9.490980810234542275e+01,1.086742004264392278e+02
1.209057602710715855e+02,9.502573062261753023e+01,1.088528166031342721e+02
1.209278043593833019e+02,9.498543328017012755e+01,1.088564593301435366e+02
1.212121307353865518e+02,9.520333123821495747e+01,1.091921223549130531e+02
1.213430733655665392e+02,9.525804078200546599e+01,1.093448602060121857e+02
1.211905958739134945e+02,9.516399622997172969e+01,1.091620064928264782e+02
1.211971359882930841e+02,9.499362391554301155e+01,1.089979094805059106e+02
1.213691316992106408e+02,9.513055670959700194e+01,1.092182176983797319e+02
1.214049398090493952e+02,9.516282689912826243e+01,1.092062058945620606e+02
1.216602344641560336e+02,9.542182799045544073e+01,1.096101255316941661e+02
1.215117732861012740e+02,9.526922275474056789e+01,1.093625755365701195e+02
1.215247390396659739e+02,9.520093945720250872e+01,1.093129436325678512e+02
1.215281484570475357e+02,9.527814845704753566e+01,1.093053586321934887e+02
1.215517419621627226e+02,9.533495296185257928e+01,1.094227230435232059e+02
1.216305705955851693e+02,9.536849229487712876e+01,1.093884839650145722e+02
1.218849493487698936e+02,9.567211081248707671e+01,1.097358900144717779e+02
1.216994931209268600e+02,9.559160028964518574e+01,1.095710147925933597e+02
1.215600461893764503e+02,9.545129120302330250e+01,1.094970606760445122e+02
1.216489182944759477e+02,9.548277672757824064e+01,1.095391724427641265e+02
1.215018808777429484e+02,9.546196447230930460e+01,1.093736677115987419e+02
1.216565826921049904e+02,9.562485506482555309e+01,1.095299884051860460e+02
1.215290539123138274e+02,9.548447661002727216e+01,1.094841619467170091e+02
1.215457196417413002e+02,9.542501562174547303e+01,1.093803374297021520e+02
1.213334384526437475e+02,9.520161883738042263e+01,1.092105539787659012e+02
1.213884778012684933e+02,9.519577167019026831e+01,1.092850951374207256e+02
1.212609200253217949e+02,9.498660054863894686e+01,1.090485334458746536e+02
1.211554311073541896e+02,9.488767962806424805e+01,1.090644547759932408e+02
1.212963352990732915e+02,9.500042122999157357e+01,1.091846040438079228e+02
1.212415730337078656e+02,9.499247403010387814e+01,1.091255034979860028e+02
1.210658955857385450e+02,9.475594227504244316e+01,1.087863964346349803e+02
1.211182557280118317e+02,9.481015732235243831e+01,1.088627388871291259e+02
1.211387277138938714e+02,9.484639729929317298e+01,1.089332208038822642e+02
1.213111181301326553e+02,9.501452937460517489e+01,1.090881238155401149e+02
1.213339257710402563e+02,9.509451123889179769e+01,1.091640355462624115e+02
1.211354539709290066e+02,9.489582894459658746e+01,1.089476511480935272e+02
1.211939764111204738e+02,9.500368576242628649e+01,1.090957245155855162e+02
1.214832179567862340e+02,9.525057688273547285e+01,1.093943780155233867e+02
1.213812062297480878e+02,9.520863384551060449e+01,1.093150412877600104e+02
1.213319371727748717e+02,9.520492146596858163e+01,1.092001047120418917e+02
1.213294991111575882e+02,9.521070793683990985e+01,1.092188643731046795e+02
1.214225411123913290e+02,9.531098774484131297e+01,1.093240808630983594e+02
1.213481310857501825e+02,9.521327609674379744e+01,1.092562035388964574e+02
1.213143006263047994e+02,9.514405010438413512e+01,1.092591858037578305e+02
1.213813107557227937e+02,9.507546775373680248e+01,1.091554301243859157e+02
1.214235575921682937e+02,9.513497188085815992e+01,1.092258904394917778e+02
1.212135291033036140e+02,9.488935500786575972e+01,1.089873099108547478e+02
1.211227664494429206e+02,9.476224511246583404e+01,1.089337817952491037e+02
1.212784690996549131e+02,9.487556206211439758e+01,1.091188957440133862e+02
1.211658777742715927e+02,9.479751761859682802e+01,1.089957925738929276e+02
1.212999895474025323e+02,9.492139646702204914e+01,1.091886693843420062e+02
1.212631578947368354e+02,9.471488601743880054e+01,1.088043912175648700e+02
1.213173016864459726e+02,9.494149489902144978e+01,1.091458463460337356e+02
1.215632147728465071e+02,9.516399118665407286e+01,1.094518938201657789e+02
1.215467142557211844e+02,9.511988242704178731e+01,1.092639093008608029e+02
1.218507431659910623e+02,9.540130963517306384e+01,1.096190624675189724e+02
1.218892001244942378e+02,9.556333644568938723e+01,1.098465608465608483e+02
1.218713688610240382e+02,9.554305120167188647e+01,1.098193312434691791e+02
1.219764620489423521e+02,9.559829946080463969e+01,1.097711530485275802e+02
1.219224637681159464e+02,9.565041407867494172e+01,1.097482401656314721e+02
1.220527408637873776e+02,9.575467192691030505e+01,1.099488164451827288e+02
1.219222846441947610e+02,9.565636704119850720e+01,1.097440699126092341e+02
1.219751946030098537e+02,9.568707836014530699e+01,1.098743124026984930e+02
1.218292428198433441e+02,9.558234986945170419e+01,1.096751958224543131e+02
1.217583934734860378e+02,9.545340445560087517e+01,1.096301642087647679e+02
1.217619344126193397e+02,9.538906185139062188e+01,1.095812577833125800e+02
1.218022376463275691e+02,9.530363617528229270e+01,1.095926654925929711e+02
1.217093071354705245e+02,9.523567735263702616e+01,1.095831437435367093e+02
1.216389865563598818e+02,9.514684591520165213e+01,1.094416752843847007e+02
1.216301270792437208e+02,9.512232668664118762e+01,1.093884698832523981e+02
1.217216771661675097e+02,9.519838892905090688e+01,1.094795001549106672e+02
1.216604358153464887e+02,9.518682226582670580e+01,1.094041102963957428e+02
1.216336879066405032e+02,9.514799132500257883e+01,1.094142311267169276e+02
1.218844809866392609e+02,9.539599177800616303e+01,1.096590955806783114e+02
1.216316226023846525e+02,9.515635044064282511e+01,1.093644375324002027e+02
1.216959578207381441e+02,9.521193011475240553e+01,1.094192081050346275e+02
1.217423021285389524e+02,9.527268030584831138e+01,1.094022525315147760e+02
1.218005186721991748e+02,9.531286307053942153e+01,1.094758298755186701e+02
1.218128630705394215e+02,9.545062240663899900e+01,1.095531120331950206e+02
1.218340913789539002e+02,9.544480049617531847e+01,1.095700847632830204e+02
1.218282462493533416e+02,9.554568028970511762e+01,1.096508018623900682e+02
1.219300742574257441e+02,9.567502062706270749e+01,1.097380363036303663e+02
1.219153663325410832e+02,9.574620233543453196e+01,1.097793737728634937e+02
1.218943173584515023e+02,9.575571886968222657e+01,1.098432874443639378e+02
1.219142472003318147e+02,9.558554541683948003e+01,1.097043757776856125e+02
1.217240657385114559e+02,9.531278132523814861e+01,1.094723123626086050e+02
1.218374414976599098e+02,9.544222568902756620e+01,1.096004160166406649e+02
1.216515752138535333e+02,9.518902566242437047e+01,1.092802002920926299e+02
1.217337500000000006e+02,9.527083333333332860e+01,1.095498958333333377e+02
1.216383867934385137e+02,9.506498798453661436e+01,1.092917145543830344e+02
1.215806821737769923e+02,9.510535099614060073e+01,1.092335454260978338e+02
1.216777370350969107e+02,9.517600838135149388e+01,1.093825039287585099e+02
1.219011894824707838e+02,9.544991652754590916e+01,1.096580759599332282e+02
1.216279361102411514e+02,9.522183944044263626e+01,1.094690468733688249e+02
1.216830756284842749e+02,9.522257284106447628e+01,1.094147470285053174e+02
1.217722886511432705e+02,9.540434235368155669e+01,1.095099643381581700e+02
1.215719397958109624e+02,9.518713819597937231e+01,1.092630249447426536e+02
1.217121339793553858e+02,9.529987360438171606e+01,1.093608594902043336e+02
1.218393343102365520e+02,9.555924220221896803e+01,1.096464308143186059e+02
1.218052179379715056e+02,9.549528499580888763e+01,1.095563704945515440e+02
1.218678432608467261e+02,9.551644080260531666e+01,1.095353503519277183e+02
1.218832018272425302e+02,9.567701411960132418e+01,1.096402616279069804e+02
1.220877598152424923e+02,9.590436699559101896e+01,1.098803275246693261e+02
1.221194310813637287e+02,9.588945827232797114e+01,1.098648818238862219e+02
1.220455549710678582e+02,9.585628616517622902e+01,1.098956338769068850e+02
1.218887845592070960e+02,9.569577464788731902e+01,1.097958268127282224e+02
1.220713615023474148e+02,9.580208659363589163e+01,1.098990088680229462e+02
1.218275862068965552e+02,9.557324973876697527e+01,1.096312434691745068e+02
1.216577819588167699e+02,9.550371067210201659e+01,1.095255566008153068e+02
1.216009433962264126e+02,9.527683438155136741e+01,1.093511530398322833e+02
1.216886189927756305e+02,9.545042403936760422e+01,1.095208878651450135e+02
1.218805908050759257e+02,9.555055127938423709e+01,1.096215935094653560e+02
1.216476170612159819e+02,9.541985608509750705e+01,1.093610386901658131e+02
1.219161864850707246e+02,9.558428496595075785e+01,1.097877422734415944e+02
1.217282233608700182e+02,9.548300742444838818e+01,1.096107915925964704e+02
1.219417779632721164e+02,9.571984557595993692e+01,1.097008555926544204e+02
1.217130598576810314e+02,9.550606948514023031e+01,1.094744663038928394e+02
1.221482594280978020e+02,9.600714877745545550e+01,1.101174886033982574e+02
1.218576508733396082e+02,9.572680681937035274e+01,1.096663528919569046e+02
1.216106789993693553e+02,9.561393735547613915e+01,1.094237965104057224e+02
1.215437290268456394e+02,9.548080956375838468e+01,1.092379404362416153e+02
1.217575663026521084e+02,9.576297451898075508e+01,1.095955278211128388e+02
1.218978321750855685e+02,9.597168343532828771e+01,1.097504408256404957e+02
1.218377115564323532e+02,9.593448240058145871e+01,1.096021181601079917e+02
1.216376299376299386e+02,9.577931392931392907e+01,1.094308731808731778e+02
1.216879100281162067e+02,9.586847860043735636e+01,1.095082786629178315e+02
1.216714655618850287e+02,9.580756084930088434e+01,1.094995339202485809e+02
1.217706880399708496e+02,9.581107525762465116e+01,1.095969605495992454e+02
1.217924665352288116e+02,9.582484175573311802e+01,1.097358098993462647e+02
1.218590569173244660e+02,9.586227669297880993e+01,1.097675529705027060e+02
1.217273012224427902e+02,9.565102915055898336e+01,1.095586668059763866e+02
1.219263179742631849e+02,9.592320464923204781e+01,1.098483810709838053e+02
1.218821454507728959e+02,9.599709513435003316e+01,1.098236331569664941e+02
1.218236338940549643e+02,9.577860202695643466e+01,1.096050569428481936e+02
1.216650727650727646e+02,9.573523908523908688e+01,1.096071725571725608e+02
1.218131890992302857e+02,9.592022051175369768e+01,1.097455793634283339e+02
1.217664863740378678e+02,9.588745579363428817e+01,1.096641356355315224e+02
1.217662094763092284e+02,9.591313383208644439e+01,1.096203241895261868e+02
1.218048553719008282e+02,9.600816115702478726e+01,1.096586776859504084e+02
1.219429137967021433e+02,9.616791901481944649e+01,1.099109789188060944e+02
1.219456836018174357e+02,9.624607600165221299e+01,1.098766005782734396e+02
1.217744813278008280e+02,9.606618257261411031e+01,1.096253112033194981e+02
1.219614305021311935e+02,9.631510552032435157e+01,1.099652770558270021e+02
1.218900857561179691e+02,9.625402635431917986e+01,1.098666596946245591e+02
1.218556367432150296e+02,9.623507306889352719e+01,1.098008350730688960e+02
1.218429018789144038e+02,9.614321503131523627e+01,1.097824634655532350e+02
1.219928917276192379e+02,9.627268981147625482e+01,1.099363346038940961e+02
1.219609019445593674e+02,9.623107157633430120e+01,1.100647496896979760e+02
1.219239760033098889e+02,9.618949110467521280e+01,1.099450765411667419e+02
1.218515868077162452e+02,9.611812901887574867e+01,1.098722256793196408e+02
1.216243585715781705e+02,9.589485810032464030e+01,1.095535658184103056e+02
1.217555415484819861e+02,9.594862905767412542e+01,1.096459712154638027e+02
1.219780104712041862e+02,9.620806282722513458e+01,1.099241884816753867e+02
1.218124475230898440e+02,9.609718723761544368e+01,1.099062762384550780e+02
1.218238065326633119e+02,9.610175879396985010e+01,1.097941792294807328e+02
1.218415956215135196e+02,9.612240816756130357e+01,1.098830649405325772e+02
1.220639302960319128e+02,9.637444887675835048e+01,1.101193575477640110e+02
1.219496835443037952e+02,9.625021097046413843e+01,1.099620253164556942e+02
1.219301319261213763e+02,9.623408970976252874e+01,1.099382585751978922e+02
1.216476683937823822e+02,9.604694934968806308e+01,1.097144971978428742e+02
1.218057569072381483e+02,9.618646916692929949e+01,1.096949259375984838e+02
1.216377836411609508e+02,9.609614775725593461e+01,1.096224802110817933e+02
1.219089567966280327e+02,9.633424657534246194e+01,1.099031612223393068e+02
1.219094554664415426e+02,9.635014774166315021e+01,1.098722034613761025e+02
1.220373361300471942e+02,9.656759307813319992e+01,1.101184058730991069e+02
1.220550593674477255e+02,9.651140065146579161e+01,1.101298728590942488e+02
1.219502884111169436e+02,9.635742003146303603e+01,1.100373361300471942e+02
1.220137158412731679e+02,9.636226573133703255e+01,1.100126688304889484e+02
1.218124013054005701e+02,9.620138961995999693e+01,1.099170438993578216e+02
1.218878622427551477e+02,9.628328433431330780e+01,1.100263544729105405e+02
1.218355332076262272e+02,9.630557301487533550e+01,1.099572595851665682e+02
1.218988257496330476e+02,9.618284755713986556e+01,1.098671629272384109e+02
1.220950884909414640e+02,9.640590637763116888e+01,1.101810660802178177e+02
1.221727196827384745e+02,9.650657482780212604e+01,1.102802128991859689e+02
1.219997905539847096e+02,9.634788983139596041e+01,1.100595873913498792e+02
1.220638342622778367e+02,9.645304448417289223e+01,1.101444946892417676e+02
1.221830329397141099e+02,9.660658794282163342e+01,1.102937642428009184e+02
1.222822866680575800e+02,9.663916127686209734e+01,1.103046108908825431e+02
1.220374609781477631e+02,9.648158168574401827e+01,1.100801248699271611e+02
1.219502347417840440e+02,9.642785602503911946e+01,1.100142931664058494e+02
1.220746144226761203e+02,9.656002501042101471e+01,1.101572530220925330e+02
1.221928213689482448e+02,9.669188230383973348e+01,1.102024207011686201e+02
1.220453213313795260e+02,9.668955411346033202e+01,1.101685158048984761e+02
1.221537575884446341e+02,9.673644546786685794e+01,1.102809294536319840e+02
1.220049411269974797e+02,9.664203111858704176e+01,1.100357443229604684e+02
1.221418996753586725e+02,9.680793800397947280e+01,1.103398261598073162e+02
1.221743530884807996e+02,9.670231636060100300e+01,1.103472454090150308e+02
1.221815429585551698e+02,9.662438667919407465e+01,1.103082785259421712e+02
1.220624282284163229e+02,9.657793089048961122e+01,1.101956362877127020e+02
1.219040737249973887e+02,9.633521834747094204e+01,1.100452403393025378e+02
1.219585248641872113e+02,9.634486000835771335e+01,1.100366694525699955e+02
1.217431335830212191e+02,9.617197253433208459e+01,1.098219933416562668e+02
1.220623563818675592e+02,9.646553164821391135e+01,1.101419469396281556e+02
1.221226847034339187e+02,9.659344432882414822e+01,1.102971904266389203e+02
1.221208437240232740e+02,9.655330423940149842e+01,1.102582086450540260e+02
1.219422360248447177e+02,9.645175983436853073e+01,1.100625258799171888e+02
1.221253004493677565e+02,9.654885567979934535e+01,1.101694011913470632e+02
1.220515043877977490e+02,9.648495612202256666e+01,1.101322607605516026e+02
1.220117007939824418e+02,9.652173004596740213e+01,1.101922273297116561e+02
1.219416994004548229e+02,9.646475087864378395e+01,1.100281166011990877e+02
1.221928050052137706e+02,9.670239833159541831e+01,1.102703858185609960e+02
1.219062204972201755e+02,9.647361795866987677e+01,1.099244728836672635e+02
1.220663393230254883e+02,9.671103217718345491e+01,1.101501253656498136e+02
1.219537981269510993e+02,9.659365244536940054e+01,1.100738813735691934e+02
1.221210823234433747e+02,9.670831592143753141e+01,1.102421646468867493e+02
1.219059793384117683e+02,9.650933945528539937e+01,1.098494208494208522e+02
1.221500208942749737e+02,9.681748850814877017e+01,1.101675720852486364e+02
1.219851231011000579e+02,9.662315348349920896e+01,1.100111052907281248e+02
1.219286537454164545e+02,9.648800419067575262e+01,1.099449973808276582e+02
1.218838947368421088e+02,9.635926315789473051e+01,1.099129473684210581e+02
1.219548454688318486e+02,9.631524358302776534e+01,1.098407543216343640e+02
1.219783540729896458e+02,9.641231831015372222e+01,1.101328035135417736e+02
1.218974763406940127e+02,9.626225026288118158e+01,1.099332281808622440e+02
1.218934443288241454e+02,9.634682622268469743e+01,1.100247658688865755e+02
1.219668519878317454e+02,9.633714465540752769e+01,1.099619217455155820e+02
1.218861847555923816e+02,9.636060480530240113e+01,1.099990679370339706e+02
1.219385555900942961e+02,9.637674852346907528e+01,1.100371982178012615e+02
1.219073145245559004e+02,9.635141065830721629e+01,1.099197492163009429e+02
1.219689492943021492e+02,9.640334553058023914e+01,1.099842132775744972e+02
1.220169385194479332e+02,9.646570472605604607e+01,1.101127143454621518e+02
1.221251568381430417e+02,9.652519866164784901e+01,1.102140317858636536e+02
1.220998742402012169e+02,9.656581429469713385e+01,1.102432404108153463e+02
1.219055549699588852e+02,9.634879308527459330e+01,1.098807842310530134e+02
1.221447271965650856e+02,9.658938108702481884e+01,1.102507068803016068e+02
1.221089212705734326e+02,9.666558339448579318e+01,1.103031764335884333e+02
1.221732693911592946e+02,9.680170975813177847e+01,1.103485195996663890e+02
1.223873188027948657e+02,9.698863280842631696e+01,1.105854625091250369e+02
1.221997890295358644e+02,9.675928270042193446e+01,1.103158227848101234e+02
1.222338583498487594e+02,9.687618650255554087e+01,1.105168457285907948e+02
1.219881027584754634e+02,9.657201516108654005e+01,1.100389555695935968e+02
1.221336758230236939e+02,9.667383099182218587e+01,1.102541413294191699e+02
1.218258343895225977e+02,9.631453316434304668e+01,1.099159273341782779e+02
1.221391103650860259e+02,9.659851028115819815e+01,1.102932228283676039e+02
1.221342373594029169e+02,9.654851256175759033e+01,1.103030589719331402e+02
1.217355398117796312e+02,9.609516760071903718e+01,1.097405096753727349e+02
1.217273592890393559e+02,9.619149386373254629e+01,1.098671180702496883e+02
1.218074402874656528e+02,9.615165926865356028e+01,1.098209680828577461e+02
1.217823516993878030e+02,9.616149461684609889e+01,1.097662022377031832e+02
1.218750923872875092e+02,9.618403547671840670e+01,1.099135254988913459e+02
1.220915374947633012e+02,9.642312526183494015e+01,1.102775450356095490e+02
1.218530405405405475e+02,9.618327702702703164e+01,1.098720439189189193e+02
1.221160630414361776e+02,9.650297463730299796e+01,1.102027972027971998e+02
1.221972525167785193e+02,9.665908137583892312e+01,1.104208263422818845e+02
1.222231890135234238e+02,9.667543767690533230e+01,1.103554879966453512e+02
1.222213157619495831e+02,9.666771258236586561e+01,1.103380399539797025e+02
1.222237131774819119e+02,9.666935737498690173e+01,1.103641891183562223e+02
1.222014909701806005e+02,9.665907181856363195e+01,1.103537379252414894e+02
1.223185673892554206e+02,9.675075924180542586e+01,1.103802492407581894e+02
1.221958311620635698e+02,9.674174048983846319e+01,1.103428869202709706e+02
1.221712875446334863e+02,9.675015752993068929e+01,1.103574879227053174e+02
1.221995403259506929e+02,9.683503969912244713e+01,1.104533012954450442e+02
1.221177086605927258e+02,9.653565818410304189e+01,1.101949942402345783e+02
1.219921441290457693e+02,9.641028595370273990e+01,1.100134073530952179e+02
1.218954645438357574e+02,9.629171467476693635e+01,1.099815648894940807e+02
1.221768451821693304e+02,9.647134356404635014e+01,1.102832237185509996e+02
1.218969728601252598e+02,9.621242171189979331e+01,1.099199373695198290e+02
1.222154454621149000e+02,9.654090341382180895e+01,1.103665695253955050e+02
1.220813662001253448e+02,9.635502402339669459e+01,1.101730729057865119e+02
1.222195935383011971e+02,9.639312141740489892e+01,1.102402292860865032e+02
1.219857721466403575e+02,9.629265759684287218e+01,1.100610655312078165e+02
1.217098293729718392e+02,9.601151470742175320e+01,1.097840468962629501e+02
1.222033281331253249e+02,9.648216328653145979e+01,1.103087883515340621e+02
1.220516937739562877e+02,9.633409302807417873e+01,1.100536620739666489e+02
1.221856694560669467e+02,9.645627615062761606e+01,1.102806485355648505e+02
1.218116835615006863e+02,9.607179433587626249e+01,1.097429198453338870e+02
1.220778855176728115e+02,9.637065999374414105e+01,1.101408612240642242e+02
1.221922996878251837e+02,9.654391259105098300e+01,1.102269510926118556e+02
1.218893666107382501e+02,9.627600671140939426e+01,1.098671350671140914e+02
1.220038682697334025e+02,9.634699424986931149e+01,1.100004181913225239e+02
1.220409836065573757e+02,9.644718821332226355e+01,1.099278896036522042e+02
1.221238598673300118e+02,9.658571724709784689e+01,1.100786691542288622e+02
1.221537739783152574e+02,9.659017931609675145e+01,1.101264595496246841e+02
1.219142976153285503e+02,9.631896282411746313e+01,1.097672602311777581e+02
1.221121768140116757e+02,9.640742285237698184e+01,1.100883027522935720e+02
1.218381581707572963e+02,9.614180826515628553e+01,1.098149779735682756e+02
1.221036285684408682e+02,9.631757816584753584e+01,1.100528076963296087e+02
1.219494482396216455e+02,9.609311613242249450e+01,1.097932737782448811e+02
1.220004178854993739e+02,9.618063100710405422e+01,1.099398244880902666e+02
1.220054325114918470e+02,9.609068115336397398e+01,1.098589636439615589e+02
1.219598662207357904e+02,9.603062290969899095e+01,1.098277591973244114e+02
1.218798996550642784e+02,9.599822305843001402e+01,1.097396257970105609e+02
1.217610907184058675e+02,9.584383848977451237e+01,1.095313057157839580e+02
1.218899149201079126e+02,9.605924465656775624e+01,1.097794148163519452e+02
1.221043711894182024e+02,9.626475147256381604e+01,1.100079570114704950e+02
1.219922231439236811e+02,9.611136457901285723e+01,1.097006428867689749e+02
1.220216333712866117e+02,9.615598799296138566e+01,1.097744539902701604e+02
1.220357659706429558e+02,9.623599338432913441e+01,1.098086623940458963e+02
1.220426917510853855e+02,9.622513954930742841e+01,1.097377506719040667e+02
1.219251192698610282e+02,9.610962455922008019e+01,1.095539307197676777e+02
1.219655315184763538e+02,9.622223372321705881e+01,1.097476451713073118e+02
1.219351890319900349e+02,9.611476942251765365e+01,1.095451807228915726e+02
1.218545416710019822e+02,9.606877536156487452e+01,1.094111955051503458e+02
1.219728090357665735e+02,9.611451579167538739e+01,1.094214599456180679e+02
1.219705759162303735e+02,9.614010471204188946e+01,1.094672251308900570e+02
1.217374195590252128e+02,9.591180504272603002e+01,1.090850300664627071e+02
1.218699263932702479e+02,9.587024185068348459e+01,1.090187171398527823e+02
1.220066952610105631e+02,9.601590124490009259e+01,1.091835966105241198e+02
1.218999476165531632e+02,9.579968569931901357e+01,1.090529072812991132e+02
1.219450057285699387e+02,9.580127070096864372e+01,1.090226018123112226e+02
1.222888980602558746e+02,9.598710276516715112e+01,1.092450474618241856e+02
1.224170704051128808e+02,9.603948046593134791e+01,1.091723533656324037e+02
1.225803913448597200e+02,9.607619836421990556e+01,1.091529143803706319e+02
1.227705735660847921e+02,9.616292601828762088e+01,1.092095802161263549e+02
1.230976981564420356e+02,9.644589105301531617e+01,1.094752629934381787e+02
1.231552101804526984e+02,9.647647856472306671e+01,1.094170230520496574e+02
1.234334975369458078e+02,9.664039408866995018e+01,1.096208992768053605e+02
1.240778355879292434e+02,9.716899063475545972e+01,1.100751300728407926e+02
1.243114960629921200e+02,9.730593175853017840e+01,1.101523359580052528e+02
1.247431556948798317e+02,9.758265412748171741e+01,1.103671891327063719e+02
1.252557441523494077e+02,9.808124611881598298e+01,1.108796315462637097e+02
1.258914913462535026e+02,9.846326044149653001e+01,1.111110995958130445e+02
1.262234086668049002e+02,9.867354343769437719e+01,1.112547169811320771e+02
1.266067930818920644e+02,9.893519483225672673e+01,1.114106063763284027e+02
1.269962421711899765e+02,9.936492693110646712e+01,1.118064718162839313e+02
1.274452616095818485e+02,9.956093717167472334e+01,1.120122924984240456e+02
1.279702230639730658e+02,1.000216750841750866e+02,1.123862584175084152e+02
1.284499947196113681e+02,1.003798711585172612e+02,1.127299609251240895e+02
1.289914978482208596e+02,1.008672194814737111e+02,1.130965676498373114e+02
1.292186872423633872e+02,1.009809745270055998e+02,1.132190043335799601e+02
1.295642962030627245e+02,1.012560310467799525e+02,1.135457310677575009e+02
1.300587869362364017e+02,1.015975116640746450e+02,1.139711767755313616e+02
1.300301475976133077e+02,1.014692766670155919e+02,1.138075997068983582e+02
1.305919593824474134e+02,1.020306703968500699e+02,1.145626359962698189e+02
1.306632313137622248e+02,1.020995211326254406e+02,1.145919217155944239e+02
1.308647292494250394e+02,1.021903616976792790e+02,1.147266360025088829e+02
1.311766597510373344e+02,1.024576763485477215e+02,1.149038381742738579e+02
1.314959451029320121e+02,1.027375753794967750e+02,1.152824911624038293e+02
1.316205144160962561e+02,1.028672474590333934e+02,1.153732628085459453e+02
1.318535825545171463e+02,1.030949117341640715e+02,1.156862928348909634e+02
1.319189161021365351e+02,1.031589369463262074e+02,1.156983845752996416e+02
1.320485669619593523e+02,1.033493486190724298e+02,1.158631578947368439e+02
1.323928126298296775e+02,1.035914000830909885e+02,1.161670128791026144e+02
1.323955702753053174e+02,1.036826743945352973e+02,1.162743738356447949e+02
1.323692339803798745e+02,1.036943226883740294e+02,1.162923189313295751e+02
1.327327102803738228e+02,1.041001038421599105e+02,1.166832814122533790e+02
1.328177262762292514e+02,1.042150537634408636e+02,1.167796220899885213e+02
1.330273800815132290e+02,1.044188525446755165e+02,1.170889330128540138e+02
1.332763782017497647e+02,1.046841994308000352e+02,1.174128807842310493e+02
1.338268307949092559e+02,1.053311078656373923e+02,1.181854788232839581e+02
1.341685759327377809e+02,1.056035733053074068e+02,1.185315817130846057e+02
1.344578858707096174e+02,1.059310381132870020e+02,1.190425352705832864e+02
1.351545797526723902e+02,1.066061622301404270e+02,1.198852441836093021e+02
1.355823209049015361e+02,1.069797863426895645e+02,1.203954754922496875e+02
1.361938924911106596e+02,1.075311650282367708e+02,1.211692114620372251e+02
1.367002719096423391e+02,1.080778079899602631e+02,1.218565153733528490e+02
1.373075313807531472e+02,1.086594142259414184e+02,1.225285564853556508e+02
1.378344488600711202e+02,1.091848985567872887e+02,1.231480861744404933e+02
1.382758259045621401e+02,1.095639223911903457e+02,1.236319874147876305e+02
1.391038839006055525e+02,1.103513259553142660e+02,1.245214032157026480e+02
1.394720711297071034e+02,1.106738493723849359e+02,1.248250000000000028e+02
1.397463139182264911e+02,1.109156122555683339e+02,1.250699571264247680e+02
1.400473988439306368e+02,1.111318970047293817e+02,1.252286915396742017e+02
1.404642782536035099e+02,1.115189053687069105e+02,1.255829329433883430e+02
1.404355228586442479e+02,1.115283236994219607e+02,1.254638991066736793e+02
1.407451367939248996e+02,1.118670550296473465e+02,1.258362633933215449e+02
1.407938047559449330e+02,1.118566958698372957e+02,1.257558406341259882e+02
1.407090966519267283e+02,1.116448726047589020e+02,1.254376710886502480e+02
1.410087646076794670e+02,1.120366235392320533e+02,1.258707220367278836e+02
1.410399291075896713e+02,1.120407631359466194e+02,1.257482276897414550e+02
1.412609368551382545e+02,1.120171275278580225e+02,1.257673338836153505e+02
1.410739347096511835e+02,1.117708735889352170e+02,1.254779823044848968e+02
1.410029600898234037e+02,1.117248137184852510e+02,1.254112483413289851e+02
1.408256504814587231e+02,1.115066584716246609e+02,1.250752919483712304e+02
1.407729262086513984e+02,1.114413231552162813e+02,1.251062595419847270e+02
1.409452736318407915e+02,1.115849324804548672e+02,1.252834805564016705e+02
1.409443938934384732e+02,1.116206652512385062e+02,1.252927914265493854e+02
1.409667374380750289e+02,1.115910423617429927e+02,1.252641795571731933e+02
1.406381108157841027e+02,1.112837865467184599e+02,1.249168881619300748e+02
1.407472817803068779e+02,1.114686515598008327e+02,1.251351488669850625e+02
1.405978037766830937e+02,1.113349753694581210e+02,1.250199096880131293e+02
1.407252266014869235e+02,1.114911905489357338e+02,1.252268051736429442e+02
1.406760491819937045e+02,1.114549334417233979e+02,1.250623920333299424e+02
1.408738202708247798e+02,1.115993024210094404e+02,1.253306319244973395e+02
1.408215309046254617e+02,1.116680311092918600e+02,1.254043184609087120e+02
1.406580183861082674e+02,1.115562819203268674e+02,1.253620020429009259e+02
1.402861842105263293e+02,1.112723067434210549e+02,1.249226973684210549e+02
1.399247289623128552e+02,1.110192049561177043e+02,1.245606608156943764e+02
1.395897118066315556e+02,1.106986881520504085e+02,1.242228075612023588e+02
1.392806238380499906e+02,1.104961784755215888e+02,1.240309853336087542e+02
1.391606995884773710e+02,1.104176954732510296e+02,1.239884773662551396e+02
1.390072478562678668e+02,1.102720498162515241e+02,1.238793385055124503e+02
1.385617030028794829e+02,1.098640477169888925e+02,1.235909090909090935e+02
1.383155674452104051e+02,1.096020166683815233e+02,1.233720547381417845e+02
1.378188804652612021e+02,1.091513137397445234e+02,1.230419565894693079e+02
1.375621559871222246e+02,1.088763111434209208e+02,1.227156506386956067e+02
1.371350625193758503e+02,1.084854810375116188e+02,1.222632014053942271e+02
1.368638015156233791e+02,1.082355444825080468e+02,1.219941866500571024e+02
1.366466343675909627e+02,1.080625708689825757e+02,1.218128028038346571e+02
1.364235982747997582e+02,1.078445265968371274e+02,1.214755596631751899e+02
1.364035033487892861e+02,1.077886656362699682e+02,1.214615146831530126e+02
1.359392465328089372e+02,1.072636100186296773e+02,1.207250051749120274e+02
1.358128885205138943e+02,1.073021135515955251e+02,1.206782014090344006e+02
1.357574354224555009e+02,1.072524441700113158e+02,1.206445404960378767e+02
1.355965093462769744e+02,1.071306413301662701e+02,1.205433233502013906e+02
1.354531024531024457e+02,1.069132137703566343e+02,1.201966604823747673e+02
1.354017058883979132e+02,1.069549892097420667e+02,1.202310142842462284e+02
1.351463289581624281e+02,1.067529737489745685e+02,1.199071985233798188e+02
1.355706907028559840e+02,1.071901964755924581e+02,1.203561879684018692e+02
1.354351655025812420e+02,1.071091203563113652e+02,1.203150116408543369e+02
1.352707698557790081e+02,1.069272801137517774e+02,1.199888279504367290e+02
1.352337332248881694e+02,1.069297478649857709e+02,1.200241968279788551e+02
1.355645062982527520e+02,1.072290735473384871e+02,1.203562576188541300e+02
1.357098142164781791e+02,1.073258279483037114e+02,1.206039983844911205e+02
1.355155709342560613e+02,1.071141868512110733e+02,1.204063708528394017e+02
1.357481655116184243e+02,1.072412352221769254e+02,1.206756013045250739e+02
1.359016893954813838e+02,1.074201099124771019e+02,1.208406269082027222e+02
1.362218144750254964e+02,1.076348623853210995e+02,1.211665647298674884e+02
1.369261229919165146e+02,1.083785940857464425e+02,1.219936559909956060e+02
1.373198253097704651e+02,1.088228722323786286e+02,1.226617915904936069e+02
1.376394211169995856e+02,1.089933754586220971e+02,1.226656135344476155e+02
1.382501774667883581e+02,1.095517695974039185e+02,1.232916539904674949e+02
1.385057072971871150e+02,1.097082144313086047e+02,1.234290664492458234e+02
1.391133265513733477e+02,1.102127161749745738e+02,1.238961342828077363e+02
1.398165806255694008e+02,1.108402672335256653e+02,1.245590646826601926e+02
1.402731832139201629e+02,1.111250767656090090e+02,1.247031729785056342e+02
1.408740294237842363e+02,1.116682672660400470e+02,1.253143645279934617e+02
1.412873202349605037e+02,1.120736277091350956e+02,1.257561272027547119e+02
1.417328436305091657e+02,1.125459851076675335e+02,1.262268061984302676e+02
1.418448048656867684e+02,1.125822605169792183e+02,1.261485048150025392e+02
1.417408165353525078e+02,1.124663869845492741e+02,1.259989767727412300e+02
1.416591164166921715e+02,1.124105703499642885e+02,1.258665442301805939e+02
1.415327475222233602e+02,1.123402472667824696e+02,1.256804945335649393e+02
1.416492697375140324e+02,1.124548054335614324e+02,1.258593606373199947e+02
1.416084656084656217e+02,1.123897028897028889e+02,1.257197802197802190e+02
1.417096576392437441e+02,1.124796116504854382e+02,1.259212059274399564e+02
1.417522439820481566e+02,1.124226846185230499e+02,1.258888208894328784e+02
1.416551653527183419e+02,1.123581447732159262e+02,1.258500051192792029e+02
1.414676970633693998e+02,1.121105615662029891e+02,1.256236991241627976e+02
1.417544329896907129e+02,1.124142268041237145e+02,1.259844329896907169e+02
1.414334523202447826e+02,1.120335543090260018e+02,1.255205507394186668e+02
1.414894312263861877e+02,1.120313489226998911e+02,1.255434494026345362e+02
1.416439425051334808e+02,1.122085215605749511e+02,1.257387063655030772e+02
1.414385534783941125e+02,1.121125753396669751e+02,1.255745224231280019e+02
1.415194353518821515e+02,1.121658142389525352e+02,1.254984656301145662e+02
1.414251904520060918e+02,1.120125952260030431e+02,1.253997968511934999e+02
1.411863027806385276e+02,1.117800205973223484e+02,1.251360453141091682e+02
1.414428643981716505e+02,1.120938547486033485e+02,1.254589131538852200e+02
1.414504651876086427e+02,1.121205398221040781e+02,1.255201922093855416e+02
1.409868744872846662e+02,1.117613822805578394e+02,1.250139458572600546e+02
1.412324052193568207e+02,1.120165416623856913e+02,1.253280591801089088e+02
1.407706875257307502e+02,1.115652531906134186e+02,1.246527377521613857e+02
1.408409951878775530e+02,1.116420599979522876e+02,1.247579604791645380e+02
1.412598674145843916e+02,1.120844467108618119e+02,1.252702702702702737e+02
1.409847203830090621e+02,1.118149129061831530e+02,1.249612916369563038e+02
1.413408975787660893e+02,1.121826562658291948e+02,1.252754533481916752e+02
1.411944444444444571e+02,1.121095848595848565e+02,1.252287342287342256e+02
1.411915887850467186e+02,1.120593254774481977e+02,1.252657456318569729e+02
1.410360966656469941e+02,1.118603038645865269e+02,1.250018354236769653e+02
1.411244038559107139e+02,1.119441907661085764e+02,1.252154236428209089e+02
1.414804040404040393e+02,1.121749494949495016e+02,1.255378787878787818e+02
1.410513789581205231e+02,1.118006128702757849e+02,1.251203268641470885e+02
1.409497549019607732e+02,1.117243668300653638e+02,1.250023488562091529e+02
1.410654158215010057e+02,1.117864097363083147e+02,1.251650101419878354e+02
1.408635991820040942e+02,1.116101226993865083e+02,1.249489775051124809e+02
1.407797637390857801e+02,1.115285053929121659e+02,1.248684129429892096e+02
1.406871789603451930e+02,1.114787343332648391e+02,1.247228272036161911e+02
1.406279021984795463e+02,1.114233614136018105e+02,1.246784466817341297e+02
1.408330766861718644e+02,1.115841289395339260e+02,1.247731239092495628e+02
1.407370480997012976e+02,1.114921207127407570e+02,1.247493047687712391e+02
1.409441535776614387e+02,1.116366902782055206e+02,1.249170516374088891e+02
1.407051845792003348e+02,1.115596686777789159e+02,1.247394416607015017e+02
1.409336823734729478e+02,1.117046504465660632e+02,1.249324504670978371e+02
1.407827998772880562e+02,1.116215359443705921e+02,1.248208405767460931e+02
1.409259033078880350e+02,1.117577608142493659e+02,1.249264122137404627e+02
1.408112474437627952e+02,1.117112474437627867e+02,1.249172801635991874e+02
1.408665580116125113e+02,1.118031985331567739e+02,1.249325659570133382e+02
1.409963321446765292e+02,1.119850229240957731e+02,1.252564442180336215e+02
1.408086565026092387e+02,1.117110406221221695e+02,1.249897677274122572e+02
1.407732814260834004e+02,1.116562852166786257e+02,1.249628111873783354e+02
1.408118285071114428e+02,1.115828302465977657e+02,1.249172209147651671e+02
1.407285743505829316e+02,1.115306811208836137e+02,1.248549805686234464e+02
1.405888945491594484e+02,1.113890983188996415e+02,1.247463066734589887e+02
1.406543260380445872e+02,1.113544692166087202e+02,1.248549805686234464e+02
1.406318968164602268e+02,1.113471184358685662e+02,1.248085781553894975e+02
1.406190427490284378e+02,1.112631417467784871e+02,1.246470648394354725e+02
1.405350787482102817e+02,1.111743710370218849e+02,1.245936796890979821e+02
1.404632375498517263e+02,1.111216893342877654e+02,1.244937110133960516e+02
1.407025002530620554e+02,1.114153254377973497e+02,1.248232614637109066e+02
1.405982523877260633e+02,1.112337939443202544e+02,1.246306644990855546e+02
1.409380521986391841e+02,1.116095257438813917e+02,1.250145221894993455e+02
1.408525744167337166e+02,1.116047868061142339e+02,1.249926588897827884e+02
1.410581030468671031e+02,1.117590849276242579e+02,1.252030569895738381e+02
1.411065431973135276e+02,1.118333163732573468e+02,1.253203419151317775e+02
1.411728796343321619e+02,1.119336719146775039e+02,1.253536820721178202e+02
1.411796851193499265e+02,1.119559167089893350e+02,1.254323006602336221e+02
1.412671600932779086e+02,1.120324444895062328e+02,1.254198519720166303e+02
1.412099520750484487e+02,1.120250841235851880e+02,1.254814928112572687e+02
1.411148189471548733e+02,1.119722081346992582e+02,1.253014504513642322e+02
1.411771457592686545e+02,1.120565769426104623e+02,1.254162519045200668e+02
1.411429737728339546e+02,1.119118277375242343e+02,1.253978977446678300e+02
1.410813140018250067e+02,1.117982358308831010e+02,1.252455642299503182e+02
1.408592381340395150e+02,1.115233245060093736e+02,1.249472397636993293e+02
1.408954888752806767e+02,1.116046131863645599e+02,1.251202286180853207e+02
1.408248767460969475e+02,1.114012941659819234e+02,1.250438578471651567e+02
1.407547497446373939e+02,1.112102145045965216e+02,1.247788559754851860e+02
1.409089883028935049e+02,1.113935973732813522e+02,1.249992817566181031e+02
1.407858608659963124e+02,1.112846295916273363e+02,1.250084137081879732e+02
1.407044426162073307e+02,1.112149321266968371e+02,1.248873920197449650e+02
1.407252826310380271e+02,1.112255909558067799e+02,1.249202466598150068e+02
1.406272979357091515e+02,1.111380301941049566e+02,1.248329054123446582e+02
1.407046034500357337e+02,1.110740022455853904e+02,1.246974584056343787e+02
1.408111653447223830e+02,1.112171039251576161e+02,1.248446207036811018e+02
1.406534340238799814e+02,1.111174609654046321e+02,1.246870088784569788e+02
1.408364399836132748e+02,1.113297828758705492e+02,1.249330192544039306e+02
1.408141774226592986e+02,1.113138701085843110e+02,1.250308338455234605e+02
1.408512262134934474e+02,1.112471761473491370e+02,1.247291136664292281e+02
1.405699232736572810e+02,1.110813299232736568e+02,1.245260358056265915e+02
1.412063476070528907e+02,1.116951133501259505e+02,1.252539042821158688e+02
1.409188529591214092e+02,1.114159040065080291e+02,1.249009558673988209e+02
1.410207742197000300e+02,1.115858329955411392e+02,1.250348601540332396e+02
1.409710189139719319e+02,1.114816961561927968e+02,1.248661785641651392e+02
1.410184771573603939e+02,1.115909644670050795e+02,1.250491370558375621e+02
1.410722537494933135e+02,1.116292055127685501e+02,1.251367044993919677e+02
1.407105745721271433e+02,1.112069070904645542e+02,1.246626935615321941e+02
1.405957316450525809e+02,1.109659961196773139e+02,1.245384458286531242e+02
1.407063968270110763e+02,1.110731211227499244e+02,1.246858537577545007e+02
1.406210268948655369e+02,1.109986756316218361e+02,1.246852078239608801e+02
1.407860484034980573e+02,1.109965426072808583e+02,1.247485255236933028e+02
1.405003080082135511e+02,1.106877823408624266e+02,1.244141683778234153e+02
1.408188775510204209e+02,1.109506122448979539e+02,1.248641836734693840e+02
1.408350777360024324e+02,1.110441012092267101e+02,1.249104765775835801e+02
1.407204816818042730e+02,1.108673334013674889e+02,1.248375344422900355e+02
1.407932442085927107e+02,1.108594754566792489e+02,1.248392693131952171e+02
1.407880456956344233e+02,1.109006527947776419e+02,1.247863117095063217e+02
1.407422900763358768e+02,1.108811195928753222e+02,1.247881933842239164e+02
1.407973949323292970e+02,1.108992571486720209e+02,1.247818255825786053e+02
1.407800407331975521e+02,1.109315682281059026e+02,1.247665987780040666e+02
1.409253322511920601e+02,1.110702039159987891e+02,1.249575935883128750e+02
1.409337869401848309e+02,1.111673606174469313e+02,1.250223418299989788e+02
1.410508130081300919e+02,1.111831300813008170e+02,1.250132113821138233e+02
1.412640064490124985e+02,1.114599959693671849e+02,1.251667674324869068e+02
1.412367384055774551e+02,1.115266242295645185e+02,1.252995857330504208e+02
1.412311537284504652e+02,1.114811792308477010e+02,1.252038151586249057e+02
1.410199534082852324e+02,1.112942368074546806e+02,1.249666767953003159e+02
1.410856969205834730e+02,1.113951580226904383e+02,1.250147893030794108e+02
1.409298477157360310e+02,1.113025380710659960e+02,1.249503553299492324e+02
1.408400162008910570e+02,1.109784325637910030e+02,1.247489874443094351e+02
1.408106413109447601e+02,1.110080922516690265e+02,1.247188954076471816e+02
1.407941712204007274e+02,1.108602509613438514e+02,1.246234567901234556e+02
1.408851727982162743e+02,1.109249011857707501e+02,1.248263910003040422e+02
1.407990479084371600e+02,1.107900334244910425e+02,1.246680846753772869e+02
1.407249440943281229e+02,1.106887578776174053e+02,1.245577353120552999e+02
1.407889824490210060e+02,1.107862432788880938e+02,1.246655168915491458e+02
1.408989340305712119e+02,1.108161705551086129e+02,1.246850362027353185e+02
1.408069944247339151e+02,1.107242777496198727e+02,1.245413076533198193e+02
1.408176884422110504e+02,1.107371859296482342e+02,1.245639195979899512e+02
1.408194781553397945e+02,1.107324029126213532e+02,1.245927386731391522e+02
1.407201413427561931e+02,1.106996466431095456e+02,1.245269056032306878e+02
1.407520953246491047e+02,1.107303847318994201e+02,1.245150964354236152e+02
1.407752377098927639e+02,1.108189358689055268e+02,1.246216872344729865e+02
1.406802624936900656e+02,1.107918223119636565e+02,1.245518425037859629e+02
1.409181251257292331e+02,1.110171997585998724e+02,1.247747938040635631e+02
1.408191457134201698e+02,1.109122488134908622e+02,1.246329395132787994e+02
1.409286362261868817e+02,1.110006047777441722e+02,1.248077814736417679e+02
1.409291274896370396e+02,1.110597512890506522e+02,1.247174198766555406e+02
1.410235530951182739e+02,1.112177151484650182e+02,1.248324106693507787e+02
1.410015098137896246e+02,1.111988928032209429e+02,1.248532460996477056e+02
1.409755434782608745e+02,1.110478059581320451e+02,1.247156803542673060e+02
1.410819951826575789e+02,1.110531914893617085e+02,1.248320955439582463e+02
1.406462771353215544e+02,1.106333941976060089e+02,1.243923716778251105e+02
1.403931788280538342e+02,1.103479404918530520e+02,1.240522214350774277e+02
1.403322544755739898e+02,1.103175887529078523e+02,1.240819257611004360e+02
1.403907707910750560e+02,1.103042596348884388e+02,1.241423935091277855e+02
1.403777080380643838e+02,1.103247620975906074e+02,1.240979955456570138e+02
1.401432355338223203e+02,1.100693765281173597e+02,1.237180114099429460e+02
1.401772653392929726e+02,1.100895977245022408e+02,1.238705810646078760e+02
1.403124682966419812e+02,1.102476412701633421e+02,1.240436238206350765e+02
1.404645404524149228e+02,1.103455267984511892e+02,1.241310372936621178e+02
1.402934022499239859e+02,1.102546873416438586e+02,1.239670619235836568e+02
1.405519447547476375e+02,1.105022849598862535e+02,1.242221996547171727e+02
1.406577263029564051e+02,1.105265671035253519e+02,1.242412882251346105e+02
1.407337583485124526e+02,1.106253794778384929e+02,1.243789718680429104e+02
1.407636693182962517e+02,1.107648776558251882e+02,1.244448696002416739e+02
1.408292560153025192e+02,1.108585523004127680e+02,1.246084767945233125e+02
1.405770200746494538e+02,1.106010289518813750e+02,1.241923736507616240e+02
1.403545776428932754e+02,1.105541729893778466e+02,1.241792615073343455e+02
1.404046775336640565e+02,1.105987648071276652e+02,1.241510580135668675e+02
1.404696511393426022e+02,1.106385359951603107e+02,1.241531558782012468e+02
1.406185724467976854e+02,1.107614295896548242e+02,1.243097444252112780e+02
1.406082870136432632e+02,1.106103082364830783e+02,1.242460838807478467e+02
1.406310640443772115e+02,1.106290468986384212e+02,1.244347957639939466e+02
1.406540665527294607e+02,1.105942495224690845e+02,1.243081331054589356e+02
1.406188797098529051e+02,1.104740076566592819e+02,1.243049566794277609e+02
1.406126852878894908e+02,1.104343047292528013e+02,1.242328325098315958e+02
1.407049924357034740e+02,1.104978315683308097e+02,1.243363590519414998e+02
1.408146140720666324e+02,1.106406704807788799e+02,1.245446150757803849e+02
1.406489726027397182e+02,1.104852941176470580e+02,1.242620870265914590e+02
1.409345429029671095e+02,1.106654971932638318e+02,1.245127305533279838e+02
1.406602673635541123e+02,1.105220625188461128e+02,1.243612423359131611e+02
1.410628082536487113e+02,1.107996980372420666e+02,1.247097131353799710e+02
1.408053596614950607e+02,1.106980656860769727e+02,1.245288132178118019e+02
1.408801810865191158e+02,1.107268611670020135e+02,1.245112676056338046e+02
1.407339710970893520e+02,1.106375941380012193e+02,1.245033584368003261e+02
1.406704730831973791e+02,1.106596655791190926e+02,1.244342373572593772e+02
1.408186444127824188e+02,1.107269489110523040e+02,1.245371463464278463e+02
1.408868116236537276e+02,1.108882340987604209e+02,1.245679739890266262e+02
1.409148373983739759e+02,1.108867886178861824e+02,1.245877032520325258e+02
1.409794213528932403e+02,1.109817644661776654e+02,1.246400774246128833e+02
1.410286005089058392e+02,1.110500763358778613e+02,1.247523664122137461e+02
1.406909919028340141e+02,1.108382591093117355e+02,1.244362348178137694e+02
1.406462148962149001e+02,1.106334961334961378e+02,1.242612942612942675e+02
1.407317917897524637e+02,1.107365794030762913e+02,1.244937353570337137e+02
1.405568504256181654e+02,1.105588771787596301e+02,1.243178962302391568e+02
1.403935464107015321e+02,1.103568875727560510e+02,1.240684162156642429e+02
1.406485911210216955e+02,1.104994932090006046e+02,1.243477599837826943e+02
1.408232723577235674e+02,1.106170731707317003e+02,1.245057926829268240e+02
1.408278805120910420e+02,1.106386913229018489e+02,1.245687868319447205e+02
1.407072127139364284e+02,1.105324979625101918e+02,1.244501833740831245e+02
1.407203458799592966e+02,1.104940996948117942e+02,1.244077314343845302e+02
1.406546454767726289e+02,1.105152811735941327e+02,1.242869804400977927e+02
1.407560430631728536e+02,1.105838919358114936e+02,1.243873654275848111e+02
1.407865760924667882e+02,1.105378688025955540e+02,1.243615532799351087e+02
1.408292410714285836e+02,1.106549310064935128e+02,1.244164975649350708e+02
1.408192233600324528e+02,1.107259454527020210e+02,1.245323937949913784e+02
1.408034805617748759e+02,1.107352941176470580e+02,1.245032566659881894e+02
1.409381097560975604e+02,1.107972560975609753e+02,1.246016260162601696e+02
1.408856122448979704e+02,1.108482653061224426e+02,1.245768367346938845e+02
1.406679493670885961e+02,1.107254683544303759e+02,1.243217215189873457e+02
1.407500000000000000e+02,1.108486761710794326e+02,1.244485743380855354e+02
1.407348139133962093e+02,1.108408883480377227e+02,1.245340229185680982e+02
1.405005094762584008e+02,1.105383126146321615e+02,1.241942123497045003e+02
1.402665921333468759e+02,1.102572415895924394e+02,1.239238743774773894e+02
1.402832452216348145e+02,1.102663684424562831e+02,1.239988816592110652e+02
1.398692425012709748e+02,1.099471276054905928e+02,1.235670564311133717e+02
1.405913451724841821e+02,1.104596856501326840e+02,1.243074096754439637e+02
1.401101029666632769e+02,1.099966357426852852e+02,1.237548170047915193e+02
1.402607771706132382e+02,1.101993523578223062e+02,1.239780408824124720e+02
1.401597512488530981e+02,1.100137628708329061e+02,1.237264756855948633e+02
1.400547066014669895e+02,1.098851874490627551e+02,1.237201507742461217e+02
1.396520090200901905e+02,1.095831283312833193e+02,1.232226322263222613e+02
1.399766921119592951e+02,1.098421374045801571e+02,1.235138931297709917e+02
1.400837653756226473e+02,1.100810206363728838e+02,1.239210125038121362e+02
1.400911683813792479e+02,1.100138535194051173e+02,1.237979015992665808e+02
1.400837898153783669e+02,1.101395820653276587e+02,1.238439845810509183e+02
1.400353540499235976e+02,1.100734589913397912e+02,1.237509933774834394e+02
1.401239090724578773e+02,1.102100669778770055e+02,1.238491982951085788e+02
1.401066355519480453e+02,1.102559862012986969e+02,1.239157873376623371e+02
1.401476788972227894e+02,1.102934319886478818e+02,1.239304682748834381e+02
1.403697650663942795e+02,1.104432073544433166e+02,1.240843718079673152e+02
1.401020263424518646e+02,1.104016210739614934e+02,1.240137791286727520e+02
1.401283087492422794e+02,1.102398464336229580e+02,1.239032127702566157e+02
1.400791868932038824e+02,1.101526092233009706e+02,1.239133292880258921e+02
1.401033091202582739e+02,1.101023002421307524e+02,1.238799435028248581e+02
1.398811195928753079e+02,1.098226972010178173e+02,1.236051908396946573e+02
1.400507386653081880e+02,1.099991849210392303e+02,1.238849719816607262e+02
1.395848282931829942e+02,1.095816504356740069e+02,1.233752947206560719e+02
1.397938354766278906e+02,1.097889365176566656e+02,1.236472749540722589e+02
1.397416375949107419e+02,1.096818181818181870e+02,1.234827621588343902e+02
1.396564379651340744e+02,1.096047507391171365e+02,1.233828117035375698e+02
1.397823855471155809e+02,1.097339355368507512e+02,1.236232806405255644e+02
1.401366440780823268e+02,1.101015474865985624e+02,1.240107211489835066e+02
1.401456409215467431e+02,1.101537602760580512e+02,1.240996650766264082e+02
1.400260427263479244e+02,1.100732451678535142e+02,1.239982706002034547e+02
1.401499338826162102e+02,1.101485098158885165e+02,1.240271589868782485e+02
1.397552125919869184e+02,1.099300899427637006e+02,1.237160670482420244e+02
1.399209646367413029e+02,1.100502583848414275e+02,1.238695916506231640e+02
1.399337929636013484e+02,1.101444793673324511e+02,1.239488999290276752e+02
1.397662193522348844e+02,1.100939360306729924e+02,1.238633841186560431e+02
1.396288900152052577e+02,1.099755701976685316e+02,1.237988849467815555e+02
1.395599756444083539e+02,1.100252689263243298e+02,1.238457479196265467e+02
1.396250381368859905e+02,1.100430184074036362e+02,1.238791823451642387e+02
1.393143436391282250e+02,1.096655854029396835e+02,1.235724277749619802e+02
1.394888866335126352e+02,1.097559119050035576e+02,1.238807469806150436e+02
1.393717741935483900e+02,1.096294354838709637e+02,1.237116935483871032e+02
1.392846715328467155e+02,1.095747161394971556e+02,1.237847729115977273e+02
1.392018181818181688e+02,1.094468686868686831e+02,1.236457575757575711e+02
1.391681478489194035e+02,1.093379115330236289e+02,1.236045243385174643e+02
1.392573669918535586e+02,1.094942170371115395e+02,1.236719300010057339e+02
1.390158746208291234e+02,1.092634984833164822e+02,1.234572295247725009e+02
1.392922439073718408e+02,1.095046010718980654e+02,1.237405197694407946e+02
1.388497614455385190e+02,1.090602984468581838e+02,1.231863770175616679e+02
1.389165316045380791e+02,1.092172811993517030e+02,1.233878646677471664e+02
1.391247980613893276e+02,1.093650040387722129e+02,1.235582592891760925e+02
1.392364297988476665e+02,1.095200646922066170e+02,1.237077731729505672e+02
1.393178794597863259e+02,1.097503527514613921e+02,1.240917153799637163e+02
1.392682407782731957e+02,1.095953587353060357e+02,1.238233684637211240e+02
1.391472923452768669e+02,1.094899226384364823e+02,1.237352402280130264e+02
1.392127703187455268e+02,1.097247104642820545e+02,1.240403812647330142e+02
1.389837539593337965e+02,1.094899356288954806e+02,1.237037907428221075e+02
1.387070869303352652e+02,1.094404738004416799e+02,1.236230676570969678e+02
1.383951327880440374e+02,1.090645259012420496e+02,1.232404321922649757e+02
1.385634538152610560e+02,1.091043172690763043e+02,1.234279116465863524e+02
1.382144298688193658e+02,1.086464177598385419e+02,1.230646821392532786e+02
1.380247800141600010e+02,1.084535248305856214e+02,1.228497016284009362e+02
1.377865700191281633e+02,1.082172556126044469e+02,1.226408939897311967e+02
1.373957033248081814e+02,1.078999488491048595e+02,1.224982097186700827e+02
1.382150418388950470e+02,1.086934166750680504e+02,1.235030749067446294e+02
1.385554102976669242e+02,1.090615446500402186e+02,1.240365044247787552e+02
1.381028899364623896e+02,1.086362984218077514e+02,1.235374052059848395e+02
1.388181447502548451e+02,1.093378185524974526e+02,1.244249745158002014e+02
1.394843494271685813e+02,1.098976063829787222e+02,1.249570376432078547e+02
1.404409697463583484e+02,1.109601711317102968e+02,1.260950392176836061e+02
1.409005208865284544e+02,1.117103462363394897e+02,1.270506587682565680e+02
1.421025845723979728e+02,1.133043608422313184e+02,1.289912184412733325e+02
1.435665590964098328e+02,1.153562928600241975e+02,1.316750705929810294e+02
1.446044691586860154e+02,1.171462259293584651e+02,1.339206054989187464e+02
1.465402823920265689e+02,1.197081602990033247e+02,1.370075789036544904e+02
1.467744411077744360e+02,1.204133021910799641e+02,1.377980202424646734e+02
1.479859122666361202e+02,1.218617569579658664e+02,1.396424235482762697e+02
1.481486470926885488e+02,1.218075993091537157e+02,1.393959700633275816e+02
1.480773100993986873e+02,1.219322616271935260e+02,1.395142962326665952e+02
1.479792928069750531e+02,1.219185032695567941e+02,1.395753209009445470e+02
1.478117129233402522e+02,1.216498349431470842e+02,1.395103313363491964e+02
1.482841099163679814e+02,1.216951015531660687e+02,1.396222222222222342e+02
1.478292515449759605e+02,1.210455481803616351e+02,1.385338750286106801e+02
1.468593574477645518e+02,1.200449337227589268e+02,1.373614917995955977e+02
1.461937155814706841e+02,1.188310117697872812e+02,1.359082172551560177e+02
1.447919389978213474e+02,1.168896514161220068e+02,1.337432461873638374e+02
1.437738258575197960e+02,1.155792084432717672e+02,1.320504485488126534e+02
1.429653125959275428e+02,1.144737542208124381e+02,1.307423513762406628e+02
1.425857940941739912e+02,1.138510574620909779e+02,1.299496209098164456e+02
1.418513075207784198e+02,1.129984796270018279e+02,1.289484086762619199e+02
