R,G,B
1.881430121527777715e+02,1.569507378472222285e+02,1.675358072916666572e+02
1.884614691302388394e+02,1.573533123028391287e+02,1.678744930148715753e+02
1.867332485156912583e+02,1.560339270568278209e+02,1.663167938931297840e+02
1.868206106870229064e+02,1.560930873621713317e+02,1.664380831212892247e+02
1.854307944307944354e+02,1.550481162981162981e+02,1.652295249795249674e+02
1.868876068376068247e+02,1.562209401709401675e+02,1.665128205128205252e+02
1.867237179487179617e+02,1.561034188034188048e+02,1.663474358974359006e+02
1.888537414965986443e+02,1.577777777777777715e+02,1.682360544217686993e+02
1.889013605442176811e+02,1.578743764172335489e+02,1.683181405895691682e+02
1.886861198738170344e+02,1.577868409193330308e+02,1.681741775574583073e+02
1.887986394557823076e+02,1.578120181405895721e+02,1.682873015873015845e+02
1.879109959441189801e+02,1.569932401982875092e+02,1.674089680036052243e+02
1.881739522307345567e+02,1.571025236593060015e+02,1.675840468679585342e+02
1.866666666666666572e+02,1.558782051282051384e+02,1.662491452991453116e+02
1.861251060220525915e+02,1.554399915182357859e+02,1.657126802374893941e+02
1.876553819444444571e+02,1.563342013888888857e+02,1.669631076388888857e+02
1.868121794871794918e+02,1.558532051282051327e+02,1.663391025641025749e+02
1.861346480067853975e+02,1.554807039864291767e+02,1.659279050042408699e+02
1.873259548611111143e+02,1.562799479166666572e+02,1.667638888888888857e+02
1.883005858494817346e+02,1.570617395223073345e+02,1.676297881928796869e+02
1.876256510416666572e+02,1.564798177083333428e+02,1.669932725694444571e+02
1.882190175754844574e+02,1.569605678233438368e+02,1.675148715637674570e+02
1.866720085470085451e+02,1.558425213675213570e+02,1.661918803418803350e+02
1.887049886621315125e+02,1.573900226757369580e+02,1.679873015873015731e+02
1.875028211805555429e+02,1.565128038194444571e+02,1.669911024305555429e+02
1.866282051282051384e+02,1.559346153846153982e+02,1.662852564102564088e+02
1.866416666666666799e+02,1.559739316239316338e+02,1.662920940170940298e+02
1.866348290598290589e+02,1.560514957264957161e+02,1.662420940170940185e+02
1.874861111111111143e+02,1.567018229166666572e+02,1.670290798611111143e+02
1.867057692307692207e+02,1.561029914529914606e+02,1.663651709401709411e+02
1.870245726495726615e+02,1.564331196581196650e+02,1.665724358974358950e+02
1.864739185750636068e+02,1.559953350296861743e+02,1.662194656488549640e+02
1.867019230769230660e+02,1.560615384615384755e+02,1.663820512820512931e+02
1.857759882869692660e+02,1.551600083664505405e+02,1.653838109182179323e+02
1.866724358974358893e+02,1.559213675213675288e+02,1.662993589743589666e+02
1.864028837998303629e+02,1.555544953350296851e+02,1.659206955046649625e+02
1.867429487179487069e+02,1.557869658119658141e+02,1.661809829059829156e+02
1.881755295178008112e+02,1.569513294276701174e+02,1.674968454258675195e+02
1.866696581196581235e+02,1.558079059829059929e+02,1.663431623931624017e+02
1.860879983036471685e+02,1.553259117896522525e+02,1.657406700593723485e+02
1.886405895691609942e+02,1.572664399092970484e+02,1.678718820861678012e+02
1.873125000000000000e+02,1.560149739583333428e+02,1.665060763888888857e+02
1.852731646099142324e+02,1.546693160426688962e+02,1.649537753608031778e+02
1.864166666666666572e+02,1.555369658119658141e+02,1.659561965811965933e+02
1.860218405428329049e+02,1.553534775233248411e+02,1.657483036471586217e+02
1.874134114583333428e+02,1.563430989583333428e+02,1.667836371527777715e+02
1.872384982638888857e+02,1.562458767361111143e+02,1.665670572916666572e+02
1.860576923076923208e+02,1.554581196581196707e+02,1.657322649572649595e+02
1.861132315521628584e+02,1.555148430873621805e+02,1.656878710771840417e+02
1.863459401709401675e+02,1.557147435897435912e+02,1.660301282051281930e+02
1.874392361111111143e+02,1.565607638888888857e+02,1.668563368055555429e+02
1.863038461538461661e+02,1.557014957264957218e+02,1.658955128205128347e+02
1.851635641079272148e+02,1.546120058565153670e+02,1.648144739594227133e+02
1.861128074639524925e+02,1.553013146734520831e+02,1.657771416454622511e+02
1.863910256410256352e+02,1.554480769230769113e+02,1.659113247863247977e+02
1.858100084817642141e+02,1.549115776081424940e+02,1.654287531806615732e+02
1.861600932994062703e+02,1.551075063613231464e+02,1.655986005089058608e+02
1.865008547008546884e+02,1.553326923076922981e+02,1.658514957264957275e+02
1.874822048611111143e+02,1.561341145833333428e+02,1.668059895833333428e+02
1.851853168793139446e+02,1.543723070487345694e+02,1.647805898347625941e+02
1.862567854113655699e+02,1.552107718405428329e+02,1.656899915182357859e+02
1.851828069441539526e+02,1.544099560761347050e+02,1.647393850658857843e+02
1.859743426632739727e+02,1.549773112807463917e+02,1.654510178117048440e+02
1.848054873054873042e+02,1.541412776412776395e+02,1.644868959868959735e+02
1.846396396396396256e+02,1.540671580671580614e+02,1.643157248157248205e+02
1.860282018659881373e+02,1.551017811704834628e+02,1.655190839694656404e+02
1.862154368108566587e+02,1.553034351145038272e+02,1.656906276505513063e+02
1.837410246066962429e+02,1.535290439693424673e+02,1.636466317063332099e+02
1.837347720855183582e+02,1.535772488906817159e+02,1.635990318676885806e+02
1.848841113841113781e+02,1.544365274365274274e+02,1.645503685503685460e+02
1.855235306421250812e+02,1.550311650282367566e+02,1.651949382974273135e+02
1.854553440702781870e+02,1.547784982221292580e+02,1.650501987032001807e+02
1.839263816054860854e+02,1.535145219846712337e+02,1.636873739411052782e+02
1.847706797706797772e+02,1.541044226044226093e+02,1.642735462735462875e+02
1.846912366912366963e+02,1.540556920556920488e+02,1.643018018018018154e+02
1.844021782977006865e+02,1.536343283582089612e+02,1.639019766034691372e+02
1.849819819819819884e+02,1.540831285831285697e+02,1.644946764946764972e+02
1.839378781766841371e+02,1.533648648648648702e+02,1.636444130697861965e+02
1.841444130697861965e+02,1.534961678096006494e+02,1.636714400968132281e+02
1.849109336609336651e+02,1.540927518427518521e+02,1.644395986895986823e+02
1.848849303849303851e+02,1.540323505323505344e+02,1.643509418509418651e+02
1.847526617526617656e+02,1.540151515151515014e+02,1.643267813267813153e+02
1.865262820512820383e+02,1.553006410256410277e+02,1.657643162393162299e+02
1.850108763856933649e+02,1.541351181761137923e+02,1.643813009830579404e+02
1.849244471744471809e+02,1.540919328419328451e+02,1.642921785421785330e+02
1.861800254452926140e+02,1.552179813401187403e+02,1.655296861747243327e+02
1.849414414414414409e+02,1.541986076986077023e+02,1.643800163800163716e+02
1.863988549618320576e+02,1.553575063613231464e+02,1.656679389312976980e+02
1.883105002253267344e+02,1.569366831906264110e+02,1.674565119423163537e+02
1.886875283446711933e+02,1.572938775510204152e+02,1.677780045351474030e+02
1.885639455782312837e+02,1.572804988662131507e+02,1.677544217687074877e+02
1.872432725694444571e+02,1.561245659722222285e+02,1.663517795138888857e+02
1.873552517361111143e+02,1.559720052083333428e+02,1.662849392361111143e+02
1.860440170940171072e+02,1.550485042735042782e+02,1.652694444444444457e+02
1.873339843750000000e+02,1.558838975694444571e+02,1.661716579861111143e+02
1.881248310049572012e+02,1.565042812077512338e+02,1.670103650292924726e+02
1.863965811965811952e+02,1.552596153846153868e+02,1.655833333333333428e+02
1.867970920138888857e+02,1.554856770833333428e+02,1.659635416666666572e+02
1.861081196581196480e+02,1.549974358974359063e+02,1.653551282051282101e+02
1.865818142361111143e+02,1.552528211805555429e+02,1.656393229166666572e+02
1.873767462821090533e+02,1.560009013068950026e+02,1.665283911671924386e+02
1.868971354166666572e+02,1.554184027777777715e+02,1.657890625000000000e+02
1.857081196581196707e+02,1.546873931623931639e+02,1.649066239316239262e+02
1.869036458333333428e+02,1.555933159722222285e+02,1.659062500000000000e+02
1.881365079365079396e+02,1.566045351473922835e+02,1.671503401360544103e+02
1.863373931623931696e+02,1.553677350427350348e+02,1.654993589743589837e+02
1.863784188034188105e+02,1.553179487179487239e+02,1.655241452991452888e+02
1.869954427083333428e+02,1.557246093750000000e+02,1.660154079861111143e+02
1.857096153846153754e+02,1.550158119658119631e+02,1.651339743589743705e+02
1.868489583333333428e+02,1.558697916666666572e+02,1.660381944444444571e+02
1.856952926208651320e+02,1.550839694656488632e+02,1.652372773536895636e+02
1.859707379134860048e+02,1.553070398642917667e+02,1.654132739609838723e+02
1.856128074639524925e+02,1.548326972010178224e+02,1.650082697201017936e+02
1.858395299145299191e+02,1.550014957264957332e+02,1.652431623931623790e+02
1.845967370842919877e+02,1.539060865927630175e+02,1.639974900648399796e+02
1.854817642069550345e+02,1.545178117048345996e+02,1.647885920271416467e+02
1.855229007633587912e+02,1.545814249363867816e+02,1.648689567430025420e+02
1.855188719253604859e+02,1.545966921119592996e+02,1.648657760814249400e+02
1.847592553859025202e+02,1.539456180715331470e+02,1.641445304329638191e+02
1.840970515970516033e+02,1.535442260442260363e+02,1.636715806715806707e+02
1.877005407841369902e+02,1.562314105452906574e+02,1.665872014420910432e+02
1.875531771068048670e+02,1.561128886885984741e+02,1.664941415051825118e+02
1.877913474538080152e+02,1.564064894096439957e+02,1.667519152771518804e+02
1.875576836412798514e+02,1.562167643082469510e+02,1.666284362325371831e+02
1.874758900405588236e+02,1.562025687246507459e+02,1.665928346101847808e+02
1.880879818594104336e+02,1.566798185941043187e+02,1.670832199546485128e+02
1.869889322916666572e+02,1.558062065972222285e+02,1.660236545138888857e+02
1.860621794871794918e+02,1.551786324786324656e+02,1.653418803418803407e+02
1.868971354166666572e+02,1.557790798611111143e+02,1.659565972222222285e+02
1.860292735042735046e+02,1.550931623931624017e+02,1.651108974358974422e+02
1.868621961805555429e+02,1.559173177083333428e+02,1.659437934027777715e+02
1.868936631944444571e+02,1.560151909722222285e+02,1.661054687500000000e+02
1.869082031250000000e+02,1.558565538194444571e+02,1.658799913194444571e+02
1.882458049886621438e+02,1.569206349206349103e+02,1.673054421768707414e+02
1.876852185669220319e+02,1.564364578639026604e+02,1.668064443442992228e+02
1.867801649305555429e+02,1.556946614583333428e+02,1.659641927083333428e+02
1.882820861678004576e+02,1.568301587301587290e+02,1.672820861678004576e+02
1.882934240362811806e+02,1.567802721088435476e+02,1.672705215419501030e+02
1.880106575963718853e+02,1.565662131519274283e+02,1.669852607709750600e+02
1.874815232086525327e+02,1.562131590806669692e+02,1.664693555655700834e+02
1.869435763888888857e+02,1.556757812500000000e+02,1.659761284722222285e+02
1.874260928346101878e+02,1.562433528616493845e+02,1.664954934655250156e+02
1.879360544217687163e+02,1.566029478458049766e+02,1.670623582766439768e+02
1.875081117620549662e+02,1.563499324019828691e+02,1.667093285263632367e+02
1.885274376417233668e+02,1.570006802721088377e+02,1.675226757369614461e+02
1.877341144659756651e+02,1.564296980621901696e+02,1.667122577737719666e+02
1.878482993197278859e+02,1.563791383219954696e+02,1.666965986394557717e+02
1.872832356917530490e+02,1.559254168544389358e+02,1.660398828301036644e+02
1.872748986029743037e+02,1.558578188373141131e+02,1.660421360973411424e+02
1.862024739583333428e+02,1.549956597222222285e+02,1.649201388888888857e+02
1.862565104166666572e+02,1.550117187500000000e+02,1.650837673611111143e+02
1.869202343397926995e+02,1.556807120324470475e+02,1.657264533573681717e+02
1.861289062500000000e+02,1.549759114583333428e+02,1.648632812500000000e+02
1.862035590277777715e+02,1.549032118055555429e+02,1.649461805555555429e+02
1.851752136752136835e+02,1.541179487179487069e+02,1.642198717948718070e+02
1.859503038194444571e+02,1.545583767361111143e+02,1.647463107638888857e+02
1.851884615384615245e+02,1.539835470085470206e+02,1.640886752136752023e+02
1.859242621527777715e+02,1.544173177083333428e+02,1.646503906250000000e+02
1.865405588102748879e+02,1.549916629112212831e+02,1.652552951780081116e+02
1.846259541984732948e+02,1.533833757421543567e+02,1.635385920271416467e+02
1.878092970521541929e+02,1.559312925170067956e+02,1.664907029478458185e+02
1.877312925170068070e+02,1.560920634920634882e+02,1.666666666666666572e+02
1.875866213151927298e+02,1.557986394557823076e+02,1.662918367346938737e+02
1.874750566893424093e+02,1.557875283446712160e+02,1.663278911564625844e+02
1.881818594104308318e+02,1.563632653061224573e+02,1.670360544217687107e+02
1.858151709401709297e+02,1.545978632478632449e+02,1.649427350427350518e+02
1.874979720594862442e+02,1.560096890491212207e+02,1.665045065344749844e+02
1.880988662131519220e+02,1.563931972789115719e+02,1.669018140589569157e+02
1.876251700680272165e+02,1.558879818594104449e+02,1.662616780045351561e+02
1.873898152320865336e+02,1.559105452906714788e+02,1.663474538080216405e+02
1.875624155024785864e+02,1.560506985128436099e+02,1.663553402433528561e+02
1.879393871113113903e+02,1.565772870662460434e+02,1.668963497070752453e+02
1.884020408163265188e+02,1.568566893424036266e+02,1.672199546485260839e+02
1.881351473922902358e+02,1.566784580498866148e+02,1.671231292517006750e+02
1.880272108843537353e+02,1.564421768707483125e+02,1.669893424036281147e+02
1.873386660657953939e+02,1.558251464623704408e+02,1.662075259125732316e+02
1.862408854166666572e+02,1.548107638888888857e+02,1.652126736111111143e+02
1.856312553011026409e+02,1.544563189143341901e+02,1.648229431721798051e+02
1.878379900856241420e+02,1.561502929247408815e+02,1.666793600721045436e+02
1.875804416403785524e+02,1.559603424966200862e+02,1.665887787291572693e+02
1.852014418999151815e+02,1.541711195928753284e+02,1.646681509754028809e+02
1.872566471383506155e+02,1.558165840468679448e+02,1.663080216313654773e+02
1.873889139251915310e+02,1.559619197836863407e+02,1.665662460567823473e+02
1.867677951388888857e+02,1.553689236111111143e+02,1.658997395833333428e+02
1.858748939779474085e+02,1.547222222222222285e+02,1.651178965224766841e+02
1.871864149305555429e+02,1.557686631944444571e+02,1.663168402777777715e+02
1.880369535826949061e+02,1.565155475439387089e+02,1.671000450653447444e+02
1.882196935556557094e+02,1.566252816584046741e+02,1.672730959891843270e+02
1.881942316358720007e+02,1.567762505633168075e+02,1.673792248760703103e+02
1.878690851735015883e+02,1.565750337990085654e+02,1.669993240198287481e+02
1.878866606579540246e+02,1.567284812978819275e+02,1.671523208652546089e+02
1.886784580498866148e+02,1.573682539682539812e+02,1.679467120181406017e+02
1.891448979591836803e+02,1.576399092970521565e+02,1.682587301587301454e+02
1.889925170068027285e+02,1.575600907029478321e+02,1.681476190476190595e+02
1.891365079365079396e+02,1.576414965986394634e+02,1.681943310657596271e+02
1.885362811791383137e+02,1.568907029478457957e+02,1.673870748299319757e+02
1.889265306122449033e+02,1.572444444444444400e+02,1.677993197278911452e+02
1.883598639455782404e+02,1.567446712018140715e+02,1.672907029478458014e+02
1.887693877551020307e+02,1.569521541950113317e+02,1.676868480725623556e+02
1.887866213151927468e+02,1.570129251700680300e+02,1.677034013605442055e+02
1.884056689342403672e+02,1.565707482993197175e+02,1.672800453514739161e+02
1.872953559027777715e+02,1.557398003472222285e+02,1.663661024305555429e+02
1.848834971763229476e+02,1.539125705919263680e+02,1.642882242208742980e+02
1.857684478371501200e+02,1.546420695504664877e+02,1.650803647158608953e+02
1.870297309027777715e+02,1.555058593750000000e+02,1.661143663194444571e+02
1.874934655250112598e+02,1.560468679585398775e+02,1.666246056782334506e+02
1.858858974358974478e+02,1.548628205128205195e+02,1.652320512820512874e+02
1.867417534722222285e+02,1.555221354166666572e+02,1.660230034722222285e+02
1.867588975694444571e+02,1.555340711805555429e+02,1.659819878472222285e+02
1.873900405588102842e+02,1.562228481297881899e+02,1.667877422262280334e+02
1.873136547994592149e+02,1.562039206849932498e+02,1.666491662911221283e+02
1.864932725694444571e+02,1.554103732638888857e+02,1.657445746527777715e+02
1.874315006759801747e+02,1.563857593510590220e+02,1.668611987381703443e+02
1.854705258693808219e+02,1.548140373197625195e+02,1.650152671755725180e+02
1.866349826388888857e+02,1.557918836805555429e+02,1.662335069444444571e+02
1.859871794871794748e+02,1.551200854700854563e+02,1.654617521367521249e+02
1.857630341880341973e+02,1.548512820512820554e+02,1.652134615384615302e+02
1.851287107718405309e+02,1.543579304495335123e+02,1.647154368108566587e+02
1.851734520780322271e+02,1.541562765055131479e+02,1.645843935538592007e+02
1.840186153524367398e+02,1.531338632085337679e+02,1.635576239280485140e+02
1.848689567430025420e+02,1.538668363019507979e+02,1.642737489397794661e+02
1.851539440203562208e+02,1.541142917726887163e+02,1.645436810856658099e+02
1.850773960983884763e+02,1.540311704834605564e+02,1.643992790500423951e+02
1.850065733672603869e+02,1.539096692111959328e+02,1.642385496183206044e+02
1.849983036471586217e+02,1.537661153519932213e+02,1.642805343511450360e+02
1.864741753472222285e+02,1.548977864583333428e+02,1.654741753472222285e+02
1.853743589743589837e+02,1.540497863247863108e+02,1.645205128205128347e+02
1.859843750000000000e+02,1.545399305555555429e+02,1.651132812500000000e+02
1.851660256410256409e+02,1.540797008547008602e+02,1.644784188034188048e+02
1.847925213675213740e+02,1.537641025641025578e+02,1.641271367521367495e+02
1.832418099918099870e+02,1.527598280098279986e+02,1.630255937755937623e+02
1.835526040577285016e+02,1.530786446350136032e+02,1.633409328592344707e+02
1.833765356265356274e+02,1.528978296478296386e+02,1.630141277641277782e+02
1.836109746109746084e+02,1.530212940212940111e+02,1.631773136773136912e+02
1.829560306575232005e+02,1.525167406212182470e+02,1.625611133521581166e+02
1.853085241730279904e+02,1.542913486005089112e+02,1.647398218829516452e+02
1.853946140797285977e+02,1.542796861747243327e+02,1.646592451229855669e+02
1.866234809027777715e+02,1.551004774305555429e+02,1.656662326388888857e+02
1.876113378684807174e+02,1.559285714285714164e+02,1.666451247165532834e+02
1.869463722397476317e+02,1.553990536277602530e+02,1.660914826498422769e+02
1.865377604166666572e+02,1.551239149305555429e+02,1.657471788194444571e+02
1.864301215277777715e+02,1.550043402777777715e+02,1.656532118055555429e+02
1.858882478632478694e+02,1.546705128205128119e+02,1.651190170940170958e+02
1.859106837606837530e+02,1.547100427350427481e+02,1.651754273504273556e+02
1.855084817642069481e+02,1.544877014418999011e+02,1.649751908396946476e+02
1.844028445931813565e+02,1.535139092240117122e+02,1.638996025935996670e+02
1.850916030534351080e+02,1.541242578456318881e+02,1.645937234944868521e+02
1.853708651399491032e+02,1.543774385072094901e+02,1.648261238337574355e+02
1.856098388464800735e+02,1.546087786259541872e+02,1.650996607294317187e+02
1.868882378472222285e+02,1.555410156250000000e+02,1.660883246527777715e+02
1.875750337990085654e+02,1.562861649391617789e+02,1.668470031545741392e+02
1.861747863247863108e+02,1.552585470085469979e+02,1.656679487179487182e+02
1.857166666666666686e+02,1.550185897435897573e+02,1.653141025641025692e+02
1.872543938711131091e+02,1.560725552050473084e+02,1.664954934655250156e+02
1.868591579861111143e+02,1.556510416666666572e+02,1.660575086805555429e+02
1.866809895833333428e+02,1.555238715277777715e+02,1.659782986111111143e+02
1.863129340277777715e+02,1.551579861111111143e+02,1.657369791666666572e+02
1.866232638888888857e+02,1.553131510416666572e+02,1.658530815972222285e+02
1.866755642361111143e+02,1.552606336805555429e+02,1.658250868055555429e+02
1.875998197386209938e+02,1.560328977016674230e+02,1.667255520504731976e+02
1.867931857638888857e+02,1.553031684027777715e+02,1.658465711805555429e+02
1.875153222172149583e+02,1.559529067147363719e+02,1.665912573231185263e+02
1.865321180555555429e+02,1.551111111111111143e+02,1.656909722222222285e+02
1.874463722397476317e+02,1.560585849481748539e+02,1.667077512392969822e+02
1.866653645833333428e+02,1.551953125000000000e+02,1.657888454861111143e+02
1.878854875283446688e+02,1.563426303854875243e+02,1.670238095238095184e+02
1.868648039657503261e+02,1.555671473636773214e+02,1.660493465525011345e+02
1.856277777777777658e+02,1.546217948717948616e+02,1.650555555555555429e+02
1.855730769230769113e+02,1.547141025641025749e+02,1.649615384615384528e+02
1.843413511817611266e+02,1.537326919054591201e+02,1.639803388412466063e+02
1.857621794871794805e+02,1.549183760683760624e+02,1.652987179487179503e+02
1.866976996527777715e+02,1.555588107638888857e+02,1.658851996527777715e+02
1.852896522476675045e+02,1.547120441051738737e+02,1.649245122985581133e+02
1.860735677083333428e+02,1.551095920138888857e+02,1.654029947916666572e+02
1.862148437500000000e+02,1.551636284722222285e+02,1.653806423611111143e+02
1.869981973862099949e+02,1.557420009013069091e+02,1.660437133844073969e+02
1.854452991452991455e+02,1.544341880341880255e+02,1.647613247863247921e+02
1.850072094995759073e+02,1.540629770992366332e+02,1.643986429177268747e+02
1.850125106022052535e+02,1.539927905004240927e+02,1.644247243426632679e+02
1.863257378472222285e+02,1.548895399305555429e+02,1.653730468750000000e+02
1.863678385416666572e+02,1.549652777777777715e+02,1.654830729166666572e+02
1.852786324786324883e+02,1.543297008547008602e+02,1.646529914529914436e+02
1.852833333333333314e+02,1.543918803418803520e+02,1.647433760683760795e+02
1.851884615384615245e+02,1.542643162393162299e+02,1.645549145299145266e+02
1.850067854113655699e+02,1.540578880407124700e+02,1.644223918575063692e+02
1.849785835453774325e+02,1.540173876166242621e+02,1.643941899915182319e+02
1.851575487701441887e+02,1.542690839694656404e+02,1.645949957591178929e+02
1.852207379134860048e+02,1.543256997455470696e+02,1.646268023748939697e+02
1.853523504273504159e+02,1.544455128205128176e+02,1.646927350427350518e+02
1.864442274305555429e+02,1.551720920138888857e+02,1.655041232638888857e+02
1.861445312500000000e+02,1.549012586805555429e+02,1.652808159722222285e+02
1.860292968750000000e+02,1.549307725694444571e+02,1.651790364583333428e+02
1.874065759637188080e+02,1.560151927437641746e+02,1.663655328798186019e+02
1.877492063492063608e+02,1.562594104308390115e+02,1.668435374149659935e+02
1.870094637223974701e+02,1.555261378999549322e+02,1.660137449301487038e+02
1.858943142361111143e+02,1.544394531250000000e+02,1.648943142361111143e+02
1.851739316239316224e+02,1.538758547008546884e+02,1.642561965811965763e+02
1.853641025641025522e+02,1.539905982905982853e+02,1.645491452991452945e+02
1.859286024305555429e+02,1.542658420138888857e+02,1.647779947916666572e+02
1.848079059829059929e+02,1.535478632478632619e+02,1.639378205128205082e+02
1.860577256944444571e+02,1.543348524305555429e+02,1.647849392361111143e+02
1.865141955835962051e+02,1.547097791798107380e+02,1.651836412798557774e+02
1.842907124681933908e+02,1.529628922815945771e+02,1.631908396946564892e+02
1.857645399305555429e+02,1.540583767361111143e+02,1.645705295138888857e+02
1.846314102564102484e+02,1.532602564102564031e+02,1.635786324786324712e+02
1.858969184027777715e+02,1.540570746527777715e+02,1.644602864583333428e+02
1.871122448979591866e+02,1.551315192743764158e+02,1.657156462585033978e+02
1.858161892361111143e+02,1.541384548611111143e+02,1.644344618055555429e+02
1.856953125000000000e+02,1.540520833333333428e+02,1.644626736111111143e+02
1.846068376068376153e+02,1.534275641025641050e+02,1.636553418803418936e+02
1.835693369587952191e+02,1.527092658439657100e+02,1.628830788537962633e+02
1.847434266327396131e+02,1.536335877862595396e+02,1.638997031382527609e+02
1.846420695504664877e+02,1.535010602205258579e+02,1.638076759966072871e+02
1.861907552083333428e+02,1.546037326388888857e+02,1.650653211805555429e+02
1.874530612244898009e+02,1.554730158730158678e+02,1.661732426303854879e+02
1.876859410430838864e+02,1.556766439909297048e+02,1.663024943310657591e+02
1.873956916099773196e+02,1.553891156462585172e+02,1.660433106575963791e+02
1.870083370887787169e+02,1.550497972059486358e+02,1.656101847679134664e+02
1.864429253472222285e+02,1.545371093750000000e+02,1.650855034722222285e+02
1.866180555555555429e+02,1.548046875000000000e+02,1.653680555555555429e+02
1.865225694444444571e+02,1.548031684027777715e+02,1.653493923611111143e+02
1.864813368055555429e+02,1.548144531250000000e+02,1.653402777777777715e+02
1.854955128205128290e+02,1.542493589743589837e+02,1.646950854700854734e+02
1.852737489397794661e+02,1.541251060220525915e+02,1.646007209499576049e+02
1.867239583333333428e+02,1.553105468750000000e+02,1.658281250000000000e+02
1.860999999999999943e+02,1.548737179487179390e+02,1.651782051282051214e+02
1.861162393162393300e+02,1.548696581196581121e+02,1.652091880341880312e+02
1.862799145299145209e+02,1.551314102564102484e+02,1.653737179487179390e+02
1.879783686345200522e+02,1.565159981973862102e+02,1.669355565570076578e+02
1.879213609734114527e+02,1.565310950878774179e+02,1.669342045966651540e+02
1.857784139100932919e+02,1.548638676844783788e+02,1.649658608990669961e+02
1.868413628472222285e+02,1.553977864583333428e+02,1.656699218750000000e+02
1.874254168544389358e+02,1.558713384407390663e+02,1.662447048219918884e+02
1.850390161153519841e+02,1.538000424088210423e+02,1.640629770992366332e+02
1.851257421543681119e+02,1.538276081424936308e+02,1.640691263782866827e+02
1.870437133844073969e+02,1.552823343848580464e+02,1.657079765660207329e+02
1.853581196581196480e+02,1.539380341880341803e+02,1.643000000000000114e+02
1.854510683760683776e+02,1.539536324786324712e+02,1.642737179487179446e+02
1.861968315972222285e+02,1.545240885416666572e+02,1.648956163194444571e+02
1.865282118055555429e+02,1.547291666666666572e+02,1.651974826388888857e+02
1.851626378286683519e+02,1.536681509754028809e+02,1.639478371501272136e+02
1.861401909722222285e+02,1.543823784722222285e+02,1.647406684027777715e+02
1.849395299145299134e+02,1.535504273504273556e+02,1.637083333333333428e+02
1.860425347222222285e+02,1.543680555555555429e+02,1.646773003472222285e+02
1.851155982905982853e+02,1.537679487179487126e+02,1.640158119658119631e+02
1.869168544389364683e+02,1.550926092834610301e+02,1.654425416854438993e+02
1.868159080666967213e+02,1.551025236593060015e+02,1.653945470932852686e+02
1.848235042735042839e+02,1.535799145299145323e+02,1.637476495726495784e+02
1.865326723749436724e+02,1.549434429923389018e+02,1.651836412798557774e+02
1.847965811965812009e+02,1.536643162393162356e+02,1.637237179487179617e+02
1.848658119658119574e+02,1.536713675213675288e+02,1.639145299145299077e+02
1.843064037319762463e+02,1.531060220525869511e+02,1.632949533502968507e+02
1.854407552083333428e+02,1.538843315972222285e+02,1.642233072916666572e+02
1.845540598290598382e+02,1.532241452991453059e+02,1.634628205128205138e+02
1.845946581196581064e+02,1.532284188034188048e+02,1.634805555555555543e+02
1.855861545138888857e+02,1.539416232638888857e+02,1.643684895833333428e+02
1.846350427350427310e+02,1.532944444444444514e+02,1.635658119658119745e+02
1.845897435897435912e+02,1.532784188034188162e+02,1.635290598290598325e+02
1.830227985777034121e+02,1.520420414139301499e+02,1.622691905459109023e+02
1.840712468193384268e+02,1.529109414758269736e+02,1.631477947413061997e+02
1.847566239316239205e+02,1.534835470085470206e+02,1.637536324786324826e+02
1.856202256944444571e+02,1.540190972222222285e+02,1.644118923611111143e+02
1.857215711805555429e+02,1.540774739583333428e+02,1.644463975694444571e+02
1.847288461538461490e+02,1.535072649572649652e+02,1.636985042735042839e+02
1.849158119658119688e+02,1.537111111111111086e+02,1.638179487179487239e+02
1.850816239316239376e+02,1.539027777777777715e+02,1.639959401709401732e+02
1.852403846153846132e+02,1.541326923076923094e+02,1.642160256410256522e+02
1.868413699864804016e+02,1.554479495268138862e+02,1.657260027039206989e+02
1.854320512820512761e+02,1.543241452991453002e+02,1.645106837606837473e+02
1.853903846153846189e+02,1.543626068376068474e+02,1.644470085470085507e+02
1.849828244274809208e+02,1.539450805767599775e+02,1.641647582697200960e+02
1.854653846153846075e+02,1.542750000000000057e+02,1.645435897435897346e+02
1.850438931297709928e+02,1.538893129770992232e+02,1.643401187446988843e+02
1.860831163194444571e+02,1.546095920138888857e+02,1.649963107638888857e+02
1.878251700680272052e+02,1.560775510204081513e+02,1.665943310657596328e+02
1.856771367521367608e+02,1.543583333333333201e+02,1.647305555555555543e+02
1.853636556403731959e+02,1.541804495335029799e+02,1.645023324851568987e+02
1.853678965224766841e+02,1.542830788804071176e+02,1.645379558948261263e+02
1.855914529914529965e+02,1.545307692307692378e+02,1.648356837606837644e+02
1.872857142857142776e+02,1.557505633168093766e+02,1.661142406489409780e+02
1.864513888888888857e+02,1.551549479166666572e+02,1.654861111111111143e+02
1.854352564102564145e+02,1.544177350427350461e+02,1.645673076923076792e+02
1.864852430555555429e+02,1.551688368055555429e+02,1.655286458333333428e+02
1.854959401709401732e+02,1.545542735042735103e+02,1.647623931623931526e+02
1.861644965277777715e+02,1.551167534722222285e+02,1.652727864583333428e+02
1.849463528413910183e+02,1.542330364715861037e+02,1.644092451229855669e+02
1.850744274809160288e+02,1.543827396098388363e+02,1.644461407972858353e+02
1.863875868055555429e+02,1.554839409722222285e+02,1.656273871527777715e+02
1.851609414758269736e+02,1.545441051738761757e+02,1.645678541136556419e+02
1.854852564102563974e+02,1.546570512820512704e+02,1.647557692307692321e+02
1.873255971158179420e+02,1.560272645335736854e+02,1.663636773321316014e+02
1.879276643990929756e+02,1.564832199546485185e+02,1.669673469387755063e+02
1.857726495726495841e+02,1.546978632478632392e+02,1.649893162393162527e+02
1.856999999999999886e+02,1.546217948717948616e+02,1.647497863247863279e+02
1.846537319762510663e+02,1.536878710771840417e+02,1.638363019508057619e+02
1.849090330788804124e+02,1.539158184902459823e+02,1.640212044105173845e+02
1.850852564102564202e+02,1.541589743589743478e+02,1.642380341880341916e+02
1.859429253472222285e+02,1.546775173611111143e+02,1.649487847222222285e+02
1.843924936386768536e+02,1.535426208651399520e+02,1.636817217981340207e+02
1.849784188034188048e+02,1.539976495726495784e+02,1.641982905982906118e+02
1.853525641025641164e+02,1.543412393162393244e+02,1.644596153846153754e+02
1.863567708333333428e+02,1.550694444444444571e+02,1.652981770833333428e+02
1.839815938088266023e+02,1.532700271909642424e+02,1.632330056473541049e+02
1.850725190839694676e+02,1.541766327396098291e+02,1.642858354537743821e+02
1.838996025935996670e+02,1.532938715749843084e+02,1.632424179042041317e+02
1.854038461538461604e+02,1.545299145299145209e+02,1.645762820512820497e+02
1.855508547008546998e+02,1.547017094017093939e+02,1.646914529914529908e+02
1.872665615141955868e+02,1.561960342496620058e+02,1.663884632717440297e+02
1.870763857593510693e+02,1.559641730509238471e+02,1.661212257773771910e+02
1.873909418657052868e+02,1.561056782334384820e+02,1.663963497070752453e+02
1.850833333333333428e+02,1.541467345207803135e+02,1.643246395250212117e+02
1.851502136752136778e+02,1.541405982905982910e+02,1.643226495726495671e+02
1.850818376068376097e+02,1.540418803418803293e+02,1.643235042735042839e+02
1.849365988125530009e+02,1.538492366412213812e+02,1.640954198473282304e+02
1.850706106870229064e+02,1.538963104325699760e+02,1.641329516539440192e+02
1.851274385072094901e+02,1.538840118744698771e+02,1.642438507209499505e+02
1.851542735042735046e+02,1.539799145299145380e+02,1.641589743589743478e+02
1.847985581000848185e+02,1.536117472434266347e+02,1.638723494486853269e+02
1.836833298473122795e+02,1.526256013386320944e+02,1.627393850658857843e+02
1.829629402129402251e+02,1.521136363636363740e+02,1.622065929565929707e+02
1.831455762392804729e+02,1.523449069232378292e+02,1.624463501359548161e+02
1.849094017094017204e+02,1.536976495726495671e+02,1.638790598290598268e+02
1.855781250000000000e+02,1.542031250000000000e+02,1.645234375000000000e+02
1.857352430555555429e+02,1.543667534722222285e+02,1.645759548611111143e+02
1.858183593750000000e+02,1.544147135416666572e+02,1.647150607638888857e+02
1.848991452991452888e+02,1.539173076923077019e+02,1.640130341880341973e+02
1.833329847312277820e+02,1.526670152687722180e+02,1.626921146203723083e+02
1.841918999151823471e+02,1.533265479219677729e+02,1.634151823579304619e+02
1.842073791348600480e+02,1.531978371501272136e+02,1.633886768447837028e+02
1.840608566581848891e+02,1.528863443596268041e+02,1.630282018659881373e+02
1.824393939393939377e+02,1.515485257985257874e+02,1.615829238329238251e+02
1.828542145994561849e+02,1.518052708638360286e+02,1.619763647772432478e+02
1.840286324786324883e+02,1.526155982905982853e+02,1.629019230769230830e+02
1.837912393162393130e+02,1.523542735042734932e+02,1.625807692307692207e+02
1.815227272727272805e+02,1.506597051597051689e+02,1.608071253071253182e+02
1.834072649572649709e+02,1.522217948717948843e+02,1.626173076923076906e+02
1.850583596214511033e+02,1.535579089680036020e+02,1.640112663361874752e+02
1.844500868055555429e+02,1.529440104166666572e+02,1.634561631944444571e+02
1.816975528132190050e+02,1.509868228404099568e+02,1.612520393223175006e+02
1.830966921119592996e+02,1.519100932994062703e+02,1.622642069550466601e+02
1.833344017094017033e+02,1.521179487179487069e+02,1.623318376068376097e+02
1.829455046649703149e+02,1.518623833757421551e+02,1.620916030534351080e+02
1.845375434027777715e+02,1.530475260416666572e+02,1.633309461805555429e+02
1.844090711805555429e+02,1.529268663194444571e+02,1.632224392361111143e+02
1.843411458333333428e+02,1.530590277777777715e+02,1.632434895833333428e+02
1.820443421878268282e+02,1.514312905249947789e+02,1.613871574984312929e+02
1.838865384615384642e+02,1.528581196581196480e+02,1.629388888888888971e+02
1.820260032760032800e+02,1.514336609336609456e+02,1.613810401310401232e+02
1.839401709401709297e+02,1.527865384615384698e+02,1.629414529914529908e+02
1.842736545138888857e+02,1.528190104166666572e+02,1.630965711805555429e+02
1.850910319963947757e+02,1.533618747183415962e+02,1.637744479495268024e+02
1.849957187922487662e+02,1.531723749436683306e+02,1.636180712032447104e+02
1.854310657596371925e+02,1.535249433106575907e+02,1.639929705215419631e+02
1.857972789115646322e+02,1.537294784580498970e+02,1.642269841269841208e+02
1.849542586750788757e+02,1.530513744930148619e+02,1.633884632717440297e+02
1.852190175754844574e+02,1.533249211356466901e+02,1.636780081117620682e+02
1.830908119658119517e+02,1.516784188034187935e+02,1.619707264957264954e+02
1.830228632478632562e+02,1.515717948717948786e+02,1.618094017094016976e+02
1.837569444444444571e+02,1.520989583333333428e+02,1.624496527777777715e+02
1.852739229024943199e+02,1.533417233560090835e+02,1.637959183673469283e+02
1.833771701388888857e+02,1.519401041666666572e+02,1.623272569444444571e+02
1.842663361874718362e+02,1.528986029743127517e+02,1.633359621451104147e+02
1.853832199546485242e+02,1.538331065759637113e+02,1.643868480725623442e+02
1.854464852607709702e+02,1.538401360544217766e+02,1.643650793650793673e+02
1.859734693877551024e+02,1.542739229024943199e+02,1.647668934240362830e+02
1.852552951780081116e+02,1.536597566471383516e+02,1.639224876070302059e+02
1.851712483100495774e+02,1.535709779179810823e+02,1.637994592158630098e+02
1.830829059829059702e+02,1.520008547008546884e+02,1.621480769230769283e+02
1.842000868055555429e+02,1.525559895833333428e+02,1.628676215277777715e+02
1.848814781433077883e+02,1.532009914375844915e+02,1.636131140153222248e+02
1.850013519603425038e+02,1.532733213159080776e+02,1.636439837764758920e+02
1.848618747183415962e+02,1.531737269040108060e+02,1.635552050473186227e+02
1.847528165840468546e+02,1.530367282559711555e+02,1.634963947724200182e+02
1.858825396825396865e+02,1.538337868480725490e+02,1.644201814058957041e+02
1.858820861678004519e+02,1.538562358276643920e+02,1.643394557823129389e+02
1.857970521541950006e+02,1.538537414965986443e+02,1.643265306122449090e+02
1.856340136054421635e+02,1.537505668934240362e+02,1.642233560090703008e+02
1.848578188373141131e+02,1.532395223073456521e+02,1.636216764308246923e+02
1.852329878323569119e+02,1.534792699414150547e+02,1.638190626408292019e+02
1.856484903109508764e+02,1.537872915727805321e+02,1.641500675980171309e+02
1.861578231292517103e+02,1.543113378684807344e+02,1.647129251700680186e+02
1.859077097505668803e+02,1.541410430839002288e+02,1.645344671201814037e+02
1.858730158730158735e+02,1.541065759637188251e+02,1.645215419501133738e+02
1.851525461919783595e+02,1.536351960342496739e+02,1.638952230734565205e+02
1.849837764758900391e+02,1.534646237043713484e+02,1.636658404686795905e+02
1.860816326530612344e+02,1.543773242630385596e+02,1.646383219954648496e+02
1.852226757369614631e+02,1.535979591836734812e+02,1.637360544217686993e+02
1.846173952230734585e+02,1.528873366381252765e+02,1.631493916178458790e+02
1.841845425867507799e+02,1.524265434880576890e+02,1.626108607480847184e+02
1.852612244897959215e+02,1.531319727891156504e+02,1.635360544217687107e+02
1.854605442176870724e+02,1.531226757369614404e+02,1.635390022675736930e+02
1.850553287981859398e+02,1.528260770975056744e+02,1.631868480725623556e+02
1.848863945578231380e+02,1.526283446712018019e+02,1.631201814058956927e+02
1.854077097505668803e+02,1.530746031746031690e+02,1.634993197278911623e+02
1.832554253472222285e+02,1.512992621527777715e+02,1.616729600694444571e+02
1.853619047619047535e+02,1.531530612244897895e+02,1.636206349206349273e+02
1.844184317260026944e+02,1.524900856241550287e+02,1.628508337088778717e+02
1.841962595763857564e+02,1.523623253717890975e+02,1.627082018927444835e+02
1.839970707525912701e+02,1.522009914375844915e+02,1.625527264533573657e+02
1.847360544217686993e+02,1.528408163265306143e+02,1.632147392290249570e+02
1.837296079315006807e+02,1.521550247859396165e+02,1.624414150518251461e+02
1.852026901669758843e+02,1.533821892393320923e+02,1.636546846011131606e+02
1.852716553287981753e+02,1.535229024943310776e+02,1.638498866213151928e+02
1.850589569160997598e+02,1.534471655328798079e+02,1.635090702947845784e+02
1.850065759637188307e+02,1.534578231292516932e+02,1.636081632653061320e+02
1.854702947845804886e+02,1.538460317460317412e+02,1.641072562358276627e+02
1.853458049886621382e+02,1.537215419501133908e+02,1.639639455782312893e+02
1.848654799459215781e+02,1.533204146011717057e+02,1.636818386660658007e+02
1.843064236111111143e+02,1.526671006944444571e+02,1.629670138888888857e+02
1.859632653061224516e+02,1.540780045351473859e+02,1.646156462585034035e+02
1.861938775510204209e+02,1.542687074829931930e+02,1.647437641723356023e+02
1.846690538194444571e+02,1.530358072916666572e+02,1.634225260416666572e+02
1.853817034700315389e+02,1.536640378548895853e+02,1.640657954033348460e+02
1.841694878472222285e+02,1.526779513888888857e+02,1.629973958333333428e+02
1.823769230769230774e+02,1.512344017094017090e+02,1.613741452991453116e+02
1.828272569444444571e+02,1.514327256944444571e+02,1.617204861111111143e+02
1.836553287981859341e+02,1.520342403628118007e+02,1.623403628117913797e+02
1.822742226228030518e+02,1.509889589905362755e+02,1.610917079765660276e+02
1.821480725623582657e+02,1.508623582766439881e+02,1.610530612244897952e+02
1.814452456061288785e+02,1.502604776926543479e+02,1.602501126633618753e+02
1.826421768707483011e+02,1.513433106575963620e+02,1.614181405895691626e+02
1.835780045351473859e+02,1.522514739229025054e+02,1.623496598639455897e+02
1.822673611111111143e+02,1.514318576388888857e+02,1.613771701388888857e+02
1.840036281179138200e+02,1.528723356009070358e+02,1.629671201814059032e+02
1.848419501133786866e+02,1.535786848072562236e+02,1.637950113378684875e+02
1.851712018140589464e+02,1.539210884353741449e+02,1.641133786848072589e+02
1.851115367282559703e+02,1.537613789995493505e+02,1.639743127534925691e+02
1.858981859410430957e+02,1.543727891156462704e+02,1.648160997732426267e+02
1.841286892361111143e+02,1.529576822916666572e+02,1.631694878472222285e+02
1.842430555555555429e+02,1.529670138888888857e+02,1.632361111111111143e+02
1.857857142857142776e+02,1.542655328798186076e+02,1.646414965986394634e+02
1.864911873840445367e+02,1.547135899814471145e+02,1.652372448979591866e+02
1.857727891156462476e+02,1.543117913832199406e+02,1.647074829931972886e+02
1.859773242630385539e+02,1.544297052154194887e+02,1.648709750566893320e+02
1.857796304641730387e+02,1.543125281658404617e+02,1.647598017124830960e+02
1.862188208616780116e+02,1.546167800453514758e+02,1.649705215419501201e+02
1.866029478458049766e+02,1.550648526077097529e+02,1.653963718820861573e+02
1.855833708877872823e+02,1.542221721496169380e+02,1.645443893645786488e+02
1.863068027210884452e+02,1.548759637188208558e+02,1.652297052154195001e+02
1.863405895691610112e+02,1.550074829931972715e+02,1.653598639455782404e+02
1.865900226757369751e+02,1.551616780045351334e+02,1.654478458049886740e+02
1.866317460317460188e+02,1.553106575963718683e+02,1.656786848072562464e+02
1.866780045351473802e+02,1.554721088435374270e+02,1.656848072562358141e+02
1.839961832061068776e+02,1.533293044953350375e+02,1.633352417302799040e+02
1.843577184054283293e+02,1.537328244274809208e+02,1.636634860050890552e+02
1.865963718820861743e+02,1.555480725623582714e+02,1.657251700680272108e+02
1.862594104308390115e+02,1.550020408163265415e+02,1.652070294784580540e+02
1.848165532879818613e+02,1.534721088435374270e+02,1.636897959183673379e+02
1.835426303854875414e+02,1.523138321995464821e+02,1.624131519274376387e+02
1.851723383568303234e+02,1.534059309674283043e+02,1.637880408361691877e+02
1.845576181292188949e+02,1.528162970106075136e+02,1.630846190935390609e+02
1.839777039848197262e+02,1.524020398481973473e+02,1.626053130929791166e+02
1.805111111111111200e+02,1.495844017094017033e+02,1.593529914529914606e+02
1.829739229024943370e+02,1.514621315192743793e+02,1.614936507936508008e+02
1.795486299937251715e+02,1.488088266053127029e+02,1.584099560761347050e+02
1.817279474130619121e+02,1.508528413910093207e+02,1.605320186598812597e+02
1.834511718750000000e+02,1.524251302083333428e+02,1.622671440972222285e+02
1.838224826388888857e+02,1.527076822916666572e+02,1.625687934027777715e+02
1.832732204861111143e+02,1.520861545138888857e+02,1.619902343750000000e+02
1.851478458049886626e+02,1.537290249433106624e+02,1.637873015873015845e+02
1.844837239583333428e+02,1.534676649305555429e+02,1.633487413194444571e+02
1.859542100694444571e+02,1.549029947916666572e+02,1.648838975694444571e+02
1.874108072916666572e+02,1.564798177083333428e+02,1.664429253472222285e+02
1.869102698180296898e+02,1.563145785400543843e+02,1.662058146831206784e+02
1.895514322916666572e+02,1.582990451388888857e+02,1.683921440972222285e+02
1.893895399305555429e+02,1.581933593750000000e+02,1.684173177083333428e+02
1.905184767913474673e+02,1.590031545741324805e+02,1.694168544389364683e+02
1.893081196581196650e+02,1.581166666666666742e+02,1.684717948717948843e+02
1.904743923611111143e+02,1.588697916666666572e+02,1.693389756944444571e+02
1.909585398828301095e+02,1.593145561063542175e+02,1.699109959441189801e+02
1.892516963528413783e+02,1.579338422391857648e+02,1.683623833757421551e+02
1.885026145157916631e+02,1.573164609914243783e+02,1.676205814683120821e+02
1.875317362817362721e+02,1.567194922194922242e+02,1.668990581490581349e+02
1.885990378581886660e+02,1.574875549048316259e+02,1.677768249320225777e+02
1.869727712787414191e+02,1.562131908027430427e+02,1.662511093182735067e+02
1.880899393432336240e+02,1.572292407446140885e+02,1.674390294917381254e+02
1.880133863208533853e+02,1.571786237188872519e+02,1.672819493829742612e+02
1.881355446355446475e+02,1.571852989352989312e+02,1.673736691236691172e+02
1.887584187408492085e+02,1.577690859652792312e+02,1.680000000000000000e+02
1.890008481764207033e+02,1.580356234096691992e+02,1.682951653944020336e+02
1.905840468679585342e+02,1.593161333934204720e+02,1.697307345651194339e+02
1.892519230769230774e+02,1.583339743589743591e+02,1.684634615384615302e+02
1.890767599660729559e+02,1.581986853265479169e+02,1.682820186598812597e+02
1.878073624764693648e+02,1.571738130098305817e+02,1.672384438402008016e+02
1.883346153846153754e+02,1.574673076923076849e+02,1.676544871794871767e+02
1.892726495726495841e+02,1.579961538461538453e+02,1.682978632478632619e+02
1.866260588947156123e+02,1.558818071803146381e+02,1.659846712384025693e+02
1.869041769041768930e+02,1.561019656019655883e+02,1.663271908271908330e+02
1.873543191800878560e+02,1.563177159590044027e+02,1.664936205814683206e+02
1.875168374816983885e+02,1.564080736247646826e+02,1.666101234051453730e+02
1.867700655200655149e+02,1.559223996723996777e+02,1.661500819000818865e+02
1.865972563472563479e+02,1.556965601965601991e+02,1.658603603603603744e+02
1.897575484452456180e+02,1.581295628661559363e+02,1.686347453808021726e+02
1.878076923076923208e+02,1.565980769230769170e+02,1.669264957264957161e+02
1.873559829059828985e+02,1.563006410256410277e+02,1.665863247863247807e+02
1.855401371520774489e+02,1.547319483662767254e+02,1.648104074223477085e+02
1.872268871925360543e+02,1.561537319762510663e+02,1.663394826123833639e+02
1.880564102564102598e+02,1.567301282051282101e+02,1.670585470085470092e+02
1.869247019451997573e+02,1.558629993725162137e+02,1.659962350972599836e+02
1.893508337088778717e+02,1.577845876520955244e+02,1.680754844524560667e+02
1.891108607480847184e+02,1.576059035601622327e+02,1.679727354664263146e+02
1.878704410517387657e+02,1.567642069550466601e+02,1.669724342663273831e+02
1.869876594854632970e+02,1.562035139092240001e+02,1.663398870529177884e+02
1.855020169423154357e+02,1.549489713594191187e+02,1.648693021379588686e+02
1.876849024597116227e+02,1.566753604749787883e+02,1.666789652247667561e+02
1.878691687871077249e+02,1.568895250212044061e+02,1.670638252756573365e+02
1.889134114583333428e+02,1.574338107638888857e+02,1.678765190972222285e+02
1.874355385920271431e+02,1.561518235793045051e+02,1.664219677692960033e+02
1.890147569444444571e+02,1.573161892361111143e+02,1.677673611111111143e+02
1.878023748939779409e+02,1.564435962680237537e+02,1.669936386768447960e+02
1.893454258675078847e+02,1.574840018026137898e+02,1.681189725101397130e+02
1.892886435331230359e+02,1.574429923388914005e+02,1.680912573231185263e+02
1.878113247863247750e+02,1.563036324786324656e+02,1.666882478632478524e+02
1.893186119873817006e+02,1.573792248760703103e+02,1.680018026137900051e+02
1.891232638888888857e+02,1.571462673611111143e+02,1.677074652777777715e+02
1.880479219677692981e+02,1.563948261238337523e+02,1.669391433418151109e+02
1.879370229007633668e+02,1.563036471586089817e+02,1.668700169635283999e+02
1.867567454507425282e+02,1.554517883288015128e+02,1.658404099560761438e+02
1.862927927927927954e+02,1.550878378378378386e+02,1.654551597051597014e+02
1.882282051282051327e+02,1.566835470085470092e+02,1.671412393162393073e+02
1.871658648818238930e+02,1.558864254340096238e+02,1.663145785400543843e+02
1.875982905982905891e+02,1.561532051282051157e+02,1.665012820512820610e+02
1.879340542832909193e+02,1.565523748939779409e+02,1.668971586089906793e+02
1.862410246066962429e+02,1.552432432432432563e+02,1.654469544171036830e+02
1.874156034302447154e+02,1.561943108136373155e+02,1.664411211043714616e+02
1.864647829647829553e+02,1.555636773136773172e+02,1.657729320229320251e+02
1.865513923013922977e+02,1.556298116298116270e+02,1.657829647829647968e+02
1.885663698049194181e+02,1.572198897370653015e+02,1.675695504664970201e+02
1.879408073624764768e+02,1.566101234051453730e+02,1.669736456808199137e+02
1.886270144189991527e+02,1.570568278201866121e+02,1.675735793044953255e+02
1.867919737919737884e+02,1.556621621621621614e+02,1.661150696150696149e+02
1.889570512820512818e+02,1.570675213675213797e+02,1.676782051282051214e+02
1.883844359626802429e+02,1.566251060220525915e+02,1.673197625106022031e+02
1.885506785411365627e+02,1.566842663273961023e+02,1.672951653944020336e+02
1.872721188035975786e+02,1.556310395314787627e+02,1.661731855260405837e+02
1.903027210884353622e+02,1.578909297052154272e+02,1.686807256235827595e+02
1.905897959183673436e+02,1.580231292517006807e+02,1.688562358276643920e+02
1.892970920138888857e+02,1.571215277777777715e+02,1.678869357638888857e+02
1.881935962680237537e+02,1.563346055979643836e+02,1.668774385072094901e+02
1.876798134011874595e+02,1.559717981340118627e+02,1.666444020356234148e+02
1.869529387157498377e+02,1.554940389039949764e+02,1.659782472286132702e+02
1.875067854113655699e+02,1.558793469041560513e+02,1.663085241730279904e+02
1.870175695461200576e+02,1.555582514118385404e+02,1.659301401380464256e+02
1.874900339270568281e+02,1.559448685326547945e+02,1.663893129770992232e+02
1.875583121289228075e+02,1.560048770144190087e+02,1.663560220525869511e+02
1.880418803418803293e+02,1.564754273504273385e+02,1.668136752136752250e+02
1.875290500424088123e+02,1.561162001696352775e+02,1.664478371501272136e+02
1.879351145038168056e+02,1.565057251908396836e+02,1.668619592875318176e+02
1.885774739583333428e+02,1.569724392361111143e+02,1.673413628472222285e+02
1.880183760683760568e+02,1.566352564102564031e+02,1.669681623931624017e+02
1.881732400339270441e+02,1.568066157760814292e+02,1.671299830364716001e+02
1.887526041666666572e+02,1.569414062500000000e+02,1.673563368055555429e+02
1.887899305555555429e+02,1.568480902777777715e+02,1.673233506944444571e+02
1.905009070294784692e+02,1.580575963718820844e+02,1.688587301587301681e+02
1.902643990929705353e+02,1.577972789115646322e+02,1.686485260770975003e+02
1.903485260770975174e+02,1.578643990929705296e+02,1.688458049886621382e+02
1.903791383219954696e+02,1.579478458049886740e+02,1.689000000000000057e+02
1.898050923839567474e+02,1.575563316809373475e+02,1.683267237494366952e+02
1.900873015873015959e+02,1.576975056689342409e+02,1.684841269841269877e+02
1.881553418803418936e+02,1.562540598290598268e+02,1.669412393162393187e+02
1.902095238095238017e+02,1.577421768707482954e+02,1.684845804988662223e+02
1.898301587301587290e+02,1.575963718820861743e+02,1.683997732426303742e+02
1.901421768707483011e+02,1.577258503401360485e+02,1.684240362811791272e+02
1.897104551599819615e+02,1.574240648940964320e+02,1.681566020730058710e+02
1.887291666666666572e+02,1.566931423611111143e+02,1.673307291666666572e+02
1.895642181162685915e+02,1.575187021180711895e+02,1.682275799909869249e+02
1.899011337868480780e+02,1.577682539682539584e+02,1.684222222222222172e+02
1.902777777777777715e+02,1.580682539682539698e+02,1.687863945578231153e+02
1.900317460317460245e+02,1.579172335600906933e+02,1.685734693877550967e+02
1.903455782312925066e+02,1.582603174603174523e+02,1.688975056689342296e+02
1.904909297052154216e+02,1.583843537414965965e+02,1.689936507936508008e+02
1.905904761904761813e+02,1.583031746031745968e+02,1.689555555555555486e+02
1.894547093285263770e+02,1.574393871113113903e+02,1.681496169445696296e+02
1.898758449752140507e+02,1.575288418206399399e+02,1.682604776926543479e+02
1.893593961243803392e+02,1.571622352410995802e+02,1.679756647138350729e+02
1.893296529968454252e+02,1.570135196034249532e+02,1.678632266786841001e+02
1.878425213675213570e+02,1.560051282051282158e+02,1.666519230769230830e+02
1.894405137449301435e+02,1.570716538981523342e+02,1.678704371338440637e+02
1.889338107638888857e+02,1.566729600694444571e+02,1.673470052083333428e+02
1.892271293375394237e+02,1.570878774222622667e+02,1.677933753943217710e+02
1.887686631944444571e+02,1.567052951388888857e+02,1.672434895833333428e+02
1.864854632921982898e+02,1.550301192219201027e+02,1.653110227985777101e+02
1.863800460154779444e+02,1.549786655511399260e+02,1.653269190545910874e+02
1.875297008547008488e+02,1.560758547008547055e+02,1.664423076923076792e+02
1.864902740012549600e+02,1.551976573938506476e+02,1.654620372307048797e+02
1.876571246819338512e+02,1.560581000848176529e+02,1.663780746395250105e+02
1.875260814249363932e+02,1.558500848176420561e+02,1.661711195928753284e+02
1.873371501272264652e+02,1.555740033927056913e+02,1.659539864291772631e+02
1.874648006785411383e+02,1.555324427480915972e+02,1.660165394402035588e+02
1.884993489583333428e+02,1.562081163194444571e+02,1.668103298611111143e+02
1.877634615384615415e+02,1.556873931623931639e+02,1.661589743589743478e+02
1.874209075487701455e+02,1.554179389312976980e+02,1.658994910941475780e+02
1.889134114583333428e+02,1.566250000000000000e+02,1.672469618055555429e+02
1.899197836863451982e+02,1.574972960793150207e+02,1.681210004506534403e+02
1.882046225614927835e+02,1.562404580152671656e+02,1.667158608990669961e+02
1.901487528344671318e+02,1.577385487528344754e+02,1.684804988662131393e+02
1.900635421360973396e+02,1.577435781883731352e+02,1.684772420009012990e+02
1.912058956916099817e+02,1.585650793650793560e+02,1.693170068027210959e+02
1.888038592027141647e+02,1.568019508057676035e+02,1.672909245122985453e+02
1.904567372690401044e+02,1.580200540784136933e+02,1.687739972960793011e+02
1.892769265434880595e+02,1.572514646237043792e+02,1.677922487607030178e+02
1.884551599819738499e+02,1.564100946372239775e+02,1.670209553853086959e+02
1.860826972010178224e+02,1.546174724342663183e+02,1.648030110262934613e+02
1.859505937234944781e+02,1.545576759966072871e+02,1.647298558100084733e+02
1.873862847222222285e+02,1.558363715277777715e+02,1.660455729166666572e+02
1.893413699864804016e+02,1.574387111311401668e+02,1.678242451554754382e+02
1.902070964749536301e+02,1.580118274582560218e+02,1.686493506493506516e+02
1.896269841269841265e+02,1.574938775510204039e+02,1.681369614512471742e+02
1.883641025641025522e+02,1.565878205128205138e+02,1.672072649572649539e+02
1.872131908027430427e+02,1.557501008471157604e+02,1.662248890681726436e+02
1.896495726495726615e+02,1.574294871794871824e+02,1.680818376068376097e+02
1.875209762000806677e+02,1.558535699878983394e+02,1.664183138362242858e+02
1.877358722358722218e+02,1.560200655200655149e+02,1.665085995085995023e+02
1.879725634725634791e+02,1.560622440622440763e+02,1.666805896805896907e+02
1.878241195741195781e+02,1.559486076986077023e+02,1.665843570843570944e+02
1.879154988496130443e+02,1.560443421878268282e+02,1.667310186153524398e+02
1.867964782964782842e+02,1.553402948402948311e+02,1.658263718263718260e+02
1.877475423551558151e+02,1.560851286341769537e+02,1.668109182179460390e+02
1.878600711148295375e+02,1.561892909433173031e+02,1.669067140765530155e+02
1.870389025389025335e+02,1.555941850941850930e+02,1.661478296478296386e+02
1.880242627065467502e+02,1.563733528550512517e+02,1.669981175486300060e+02
1.899346788194444571e+02,1.578131510416666572e+02,1.684633246527777715e+02
1.886465811965811952e+02,1.568399572649572633e+02,1.674079059829059872e+02
1.869524001613553992e+02,1.555786607503025323e+02,1.659164985881403709e+02
1.866163775716014470e+02,1.554082291246470220e+02,1.657860024203307887e+02
1.879995816774733441e+02,1.564693578749215703e+02,1.670069023216900348e+02
1.891106870229007768e+02,1.571653944020356164e+02,1.678844359626802429e+02
1.890494062765055219e+02,1.572292196776929529e+02,1.680829092451229769e+02
1.887377014418999011e+02,1.572536047497879679e+02,1.683305767599660783e+02
1.863802551767412581e+02,1.554438402007948241e+02,1.664501150386948325e+02
1.846875130725789518e+02,1.539479188454298253e+02,1.649953984522066435e+02
1.826944332392093600e+02,1.523338039532069388e+02,1.630207745058491469e+02
1.802784134248665282e+02,1.502717391304347814e+02,1.605089626239511915e+02
1.806684360189573511e+02,1.506972511848341298e+02,1.607084360189573431e+02
1.834555682684973306e+02,1.529626239511823087e+02,1.631712433257055750e+02
1.834877328906106015e+02,1.531021951669433747e+02,1.632824202176720121e+02
1.870015479876161066e+02,1.558508126934984546e+02,1.665019349845201191e+02
1.874380804953560471e+02,1.566116486068111442e+02,1.672250386996904012e+02
1.885615920398009848e+02,1.574260696517413010e+02,1.681765174129353113e+02
1.865541795665634766e+02,1.564448529411764639e+02,1.670986842105263293e+02
1.854290047393365057e+02,1.555188625592417111e+02,1.660235071090047256e+02
1.853571563981042516e+02,1.553935545023696818e+02,1.658545971563981141e+02
1.856293838862559369e+02,1.554872037914691987e+02,1.660470142180094797e+02
1.864836003051105990e+02,1.561590389016018321e+02,1.668287566742944250e+02
1.862887109077040293e+02,1.559984744469870463e+02,1.666563691838291277e+02
1.859226006191950376e+02,1.554485294117646959e+02,1.657672213622290940e+02
1.853399767801857649e+02,1.542325851393188714e+02,1.646466718266253793e+02
1.837080568720379006e+02,1.524906161137440677e+02,1.626470142180094740e+02
1.848699466056445431e+02,1.531893592677345453e+02,1.635177345537757390e+02
1.874148850342880053e+02,1.549901169826542855e+02,1.655510286405808813e+02
1.855532120743034170e+02,1.536019736842105203e+02,1.641739551083591380e+02
1.861613930348258634e+02,1.539806965174129232e+02,1.644803980099502496e+02
1.846397787948131111e+02,1.531760106788710800e+02,1.636304347826086882e+02
1.857242647058823479e+02,1.537952786377709060e+02,1.642917956656346803e+02
1.873949173053650554e+02,1.550054457442517162e+02,1.656434045986284787e+02
1.873912868091972541e+02,1.550411456232351668e+02,1.657166196046792948e+02
1.871655909640984135e+02,1.547503025413473097e+02,1.653467123840258068e+02
1.852848297213622288e+02,1.536443498452012477e+02,1.640584365325077272e+02
1.864481592039801114e+02,1.544415920398010087e+02,1.648688557213930324e+02
1.850100619195046363e+02,1.533821594427244577e+02,1.637917956656346803e+02
1.852796052631578902e+02,1.536689241486068056e+02,1.640808823529411882e+02
1.849651702786377712e+02,1.534179566563467461e+02,1.638053405572755423e+02
1.851340944272445768e+02,1.535468266253869842e+02,1.639471749226006239e+02
1.838094786729857901e+02,1.526578199052132732e+02,1.627878672985781918e+02
1.847513544891641004e+02,1.535524380804953637e+02,1.638792569659442790e+02
1.858854489164086772e+02,1.542672213622290940e+02,1.645717879256965830e+02
1.840018957345971558e+02,1.527751658767772653e+02,1.629624644549762991e+02
1.839454028436018973e+02,1.526638862559241829e+02,1.630005687203791354e+02
1.847463235294117680e+02,1.532149767801857649e+02,1.635756578947368496e+02
1.862287212585719942e+02,1.541726502622024952e+02,1.646089148850342951e+02
1.868245260185558720e+02,1.544695441710367163e+02,1.650756353368293787e+02
1.867371007371007465e+02,1.544662162162162247e+02,1.649807534807534921e+02
1.864249697458652690e+02,1.541639774102460763e+02,1.647315449778136269e+02
1.861466317063332099e+02,1.539679306171843507e+02,1.644856797095603156e+02
1.845727554179566425e+02,1.528517801857585141e+02,1.632867647058823479e+02
1.835932494279176126e+02,1.522416094584286839e+02,1.626670480549199169e+02
1.844593653250773855e+02,1.528548761609906990e+02,1.632122678018575925e+02
1.839709752321981284e+02,1.526749226006191975e+02,1.630199303405572664e+02
1.839868421052631504e+02,1.526426083591331349e+02,1.629419504643962853e+02
1.834458204334365234e+02,1.523757739938080533e+02,1.626211300309597618e+02
1.833912538699690344e+02,1.524078947368421098e+02,1.626395123839009216e+02
1.834158281733746207e+02,1.523955108359133135e+02,1.626302244582043386e+02
1.844239551083591380e+02,1.530474071207430313e+02,1.633788699690402382e+02
1.844231811145510846e+02,1.531271284829721253e+02,1.634373065015479938e+02
1.839160945842868102e+02,1.526384439359267731e+02,1.629485125858123524e+02
1.845652089783281724e+02,1.533955108359133135e+02,1.635611455108358996e+02
1.841244195046439529e+02,1.531131965944272508e+02,1.633639705882353041e+02
1.846973684210526301e+02,1.533602941176470722e+02,1.636369969040247554e+02
1.835396671826625266e+02,1.525398606811145612e+02,1.628618421052631504e+02
1.827004643962848434e+02,1.518469427244582164e+02,1.621656346749226145e+02
1.840252736318408040e+02,1.526726368159203844e+02,1.631665671641790993e+02
1.839828855721393097e+02,1.525544278606965065e+02,1.630459701492537192e+02
1.828964783281733730e+02,1.517354876160990784e+02,1.621547987616098965e+02
1.823300915331807914e+02,1.511390160183066484e+02,1.615570175438596436e+02
1.819673913043478137e+02,1.511779176201372934e+02,1.615671243325705575e+02
1.827130417956656459e+02,1.516253869969040124e+02,1.620261222910216645e+02
1.826085526315789593e+02,1.515789473684210407e+02,1.619777476780185737e+02
1.822080108359133135e+02,1.514537538699690344e+02,1.617625773993808025e+02
1.832091542288557093e+02,1.521327363184079502e+02,1.625245771144278706e+02
1.832935323383084665e+02,1.521116417910447751e+02,1.624145273631840780e+02
1.827014925373134417e+02,1.517641791044776198e+02,1.620338308457711491e+02
1.838170633319886917e+02,1.525500201694231635e+02,1.629005647438483209e+02
1.837192416296893782e+02,1.526288826139572450e+02,1.629780153287615860e+02
1.832210568777732931e+02,1.523795885437676532e+02,1.626238402581686273e+02
1.847289107289107335e+02,1.533669123669123735e+02,1.637072072072072046e+02
1.840086728519564474e+02,1.529072206534893041e+02,1.631349334409035805e+02
1.838271480435659555e+02,1.527940701895925883e+02,1.630088745461879682e+02
1.840034288019362521e+02,1.527648245260185433e+02,1.630500201694231635e+02
1.836006454215409462e+02,1.524834610730133022e+02,1.628110125050423562e+02
1.833753529649052041e+02,1.522884227511093229e+02,1.625647438483259464e+02
1.827192416296893782e+02,1.517577652279144900e+02,1.620903590157321617e+02
1.839486076986077023e+02,1.526971744471744330e+02,1.632377149877149805e+02
1.831234368697055288e+02,1.520072609923356310e+02,1.623973376361436181e+02
1.857264631043256884e+02,1.539974554707379184e+02,1.645330788804071176e+02
1.852685897435897573e+02,1.537354700854700980e+02,1.642249999999999943e+02
1.834029850746268551e+02,1.523102057281161876e+02,1.626240419524001481e+02
1.837821702299314381e+02,1.525623235175474122e+02,1.628787817668414561e+02
1.838386446147640072e+02,1.526520774505849261e+02,1.629630899556272823e+02
1.849100606567663760e+02,1.535118176113783761e+02,1.638035975737293484e+02
1.841742424242424363e+02,1.529522932022931911e+02,1.630821048321048181e+02
1.841435298935298874e+02,1.530325552825552791e+02,1.631992219492219363e+02
1.838031464300121058e+02,1.528051633723275415e+02,1.629421137555465862e+02
1.838533682936667901e+02,1.529084308188785712e+02,1.629691407825736178e+02
1.835925776522791466e+02,1.529054054054054177e+02,1.628196853569988036e+02
1.841845502218636454e+02,1.532323517547398239e+02,1.631688180718031447e+02
1.860112383375742127e+02,1.546193808312128795e+02,1.647122561492790567e+02
1.850767813267813153e+02,1.539434889434889442e+02,1.639377559377559237e+02
1.850012285012284963e+02,1.538339475839475767e+02,1.638734643734643726e+02
1.849760442260442233e+02,1.536807944307944354e+02,1.637807125307125204e+02
1.841333198870512433e+02,1.530167406212182470e+02,1.630722065348930983e+02
1.841825332795482097e+02,1.529675272287212522e+02,1.631766841468333951e+02
1.866863867684478464e+02,1.548744698897370711e+02,1.652385496183206044e+02
1.857554904831625322e+02,1.541579167538172044e+02,1.644568081991215251e+02
1.843765631302944712e+02,1.530375151270673655e+02,1.632369907220653431e+02
1.856992261033256568e+02,1.541290524994770976e+02,1.643413511817611266e+02
1.856829115247856237e+02,1.541861535243672847e+02,1.644218782681447522e+02
1.855434009621418170e+02,1.540798996025935992e+02,1.642775569964442468e+02
1.849563882063881977e+02,1.537299344799344851e+02,1.638765356265356274e+02
1.850208845208845219e+02,1.537604422604422609e+02,1.638951678951679014e+02
1.855806316670152682e+02,1.541466220455971552e+02,1.642915708010876301e+02
1.841563130294473467e+02,1.531163775716014470e+02,1.631708350141186088e+02
1.873068576388888857e+02,1.556265190972222285e+02,1.658009982638888857e+02
1.859936386768447960e+02,1.547222222222222285e+02,1.647798982188295156e+02
1.872141927083333428e+02,1.556640625000000000e+02,1.658072916666666572e+02
1.876732762505633048e+02,1.562438035150968858e+02,1.664173050923839696e+02
1.854623931623931696e+02,1.545358974358974251e+02,1.644613247863247807e+02
1.879560612888688524e+02,1.564930148715637586e+02,1.665684993240198253e+02
1.848046433800460022e+02,1.539813846475632602e+02,1.638855887889562837e+02
1.843923013923013912e+02,1.535692055692055646e+02,1.634811629811629814e+02
1.869231770833333428e+02,1.553190104166666572e+02,1.654882812500000000e+02
1.855097540288379889e+02,1.543170059372349385e+02,1.644552586938083039e+02
1.854438083121289367e+02,1.542360050890585228e+02,1.644533502968617427e+02
1.858412393162393244e+02,1.545967948717948843e+02,1.647846153846153925e+02
1.841900081900082000e+02,1.532647420147420121e+02,1.632983210483210428e+02
1.849106881405563740e+02,1.537634386111692208e+02,1.638491947291361726e+02
1.854995726495726558e+02,1.542880341880341746e+02,1.643989316239316167e+02
1.879746031746031747e+02,1.562083900226757294e+02,1.664795918367346985e+02
1.849120016963528315e+02,1.538821034775233159e+02,1.640650975402883773e+02
1.853235042735042839e+02,1.542818376068375983e+02,1.644072649572649709e+02
1.846527923028655209e+02,1.537034093285923575e+02,1.637588370633758643e+02
1.845720560552185816e+02,1.536517464965488386e+02,1.636948337167956424e+02
1.840541727672035108e+02,1.532936624137209662e+02,1.632484835808408263e+02
1.862901475694444571e+02,1.549620225694444571e+02,1.650826822916666572e+02
1.841968207487973359e+02,1.533697971135745775e+02,1.633597573729345243e+02
1.854572649572649539e+02,1.543525641025641164e+02,1.643002136752136835e+02
1.841326082409537719e+02,1.534120476887680411e+02,1.633697971135745775e+02
1.862011718750000000e+02,1.549325086805555429e+02,1.649754774305555429e+02
1.846026293469041661e+02,1.536344359626802429e+02,1.636405852417302924e+02
1.837913486005089112e+02,1.529802798982188392e+02,1.628382103477523231e+02
1.848282051282051270e+02,1.535688034188034123e+02,1.636239316239316111e+02
1.844251484308736337e+02,1.532737489397794661e+02,1.634635284139100975e+02
1.850402883799830249e+02,1.536550042408821071e+02,1.638136132315521536e+02
1.849541984732824460e+02,1.535540712468193476e+02,1.637637828668362943e+02
1.866135646687697260e+02,1.548751689950427988e+02,1.652514646237043792e+02
1.859275173611111143e+02,1.541766493055555429e+02,1.644687500000000000e+02
1.861478143307796245e+02,1.543508337088778717e+02,1.646935556557007772e+02
1.843735042735042668e+02,1.531079059829059759e+02,1.632596153846153868e+02
1.856095920138888857e+02,1.538422309027777715e+02,1.640644531250000000e+02
1.856115451388888857e+02,1.538962673611111143e+02,1.641453993055555429e+02
1.856647135416666572e+02,1.539255642361111143e+02,1.641356336805555429e+02
1.857708333333333428e+02,1.540425347222222285e+02,1.642812500000000000e+02
1.866363226678683986e+02,1.548492564218116172e+02,1.650923839567372795e+02
1.848790598290598268e+02,1.535042735042734989e+02,1.636166666666666742e+02
1.856786024305555429e+02,1.541764322916666572e+02,1.643075086805555429e+02
1.863195132942767032e+02,1.547246507435781950e+02,1.648447498873366328e+02
1.867117913832199463e+02,1.551070294784580597e+02,1.653585034013605366e+02
1.865171248310049634e+02,1.549502027940513642e+02,1.650865254619197913e+02
1.854322916666666572e+02,1.540303819444444571e+02,1.641184895833333428e+02
1.840339743589743478e+02,1.529499999999999886e+02,1.630677350427350518e+02
1.852087673611111143e+02,1.536840277777777715e+02,1.639427083333333428e+02
1.843089743589743534e+02,1.528279914529914549e+02,1.630707264957264897e+02
1.837137404580152804e+02,1.524932145886344301e+02,1.628049194232400225e+02
1.824133026563480371e+02,1.515498849613051675e+02,1.617312277766157820e+02
1.851082899305555429e+02,1.534667968750000000e+02,1.639155815972222285e+02
1.843292735042735160e+02,1.528476495726495727e+02,1.632472222222222342e+02
1.864795918367346985e+02,1.544877551020408077e+02,1.650369614512471514e+02
1.828529596318761890e+02,1.517437774524157987e+02,1.619119431081363700e+02
1.837277353689567292e+02,1.524800678541136563e+02,1.627292196776929529e+02
1.851148003472222285e+02,1.534628906250000000e+02,1.637788628472222285e+02
1.866258503401360542e+02,1.546385487528344811e+02,1.649700680272108855e+02
1.826594854632921852e+02,1.516500732064421584e+02,1.618487764066094883e+02
1.841414529914529794e+02,1.528115384615384755e+02,1.630448717948717956e+02
1.841752136752136835e+02,1.528527777777777885e+02,1.630032051282051384e+02
1.860966651644885133e+02,1.543666065795403313e+02,1.645980171248310171e+02
1.822100737100737149e+02,1.513968058968058870e+02,1.613681408681408698e+02
1.825055427734783393e+02,1.517515164191591737e+02,1.617027818448023311e+02
1.841220085470085337e+02,1.529476495726495671e+02,1.629957264957265011e+02
1.824691487136582282e+02,1.517073833925956876e+02,1.616274837900020884e+02
1.822560133863208591e+02,1.515304329638150875e+02,1.613913407236979651e+02
1.823137418950010442e+02,1.514268981384647645e+02,1.614038903994980103e+02
1.834488973706530999e+02,1.521723918575063692e+02,1.623108566581848891e+02
1.818617936117936154e+02,1.510513923013922977e+02,1.610133087633087712e+02
1.820454545454545325e+02,1.510759623259623368e+02,1.611699426699426567e+02
1.813515530455829037e+02,1.504453408632513174e+02,1.604560306575232005e+02
1.821736281736281740e+02,1.511132268632268563e+02,1.611027846027845953e+02
1.821693284193284228e+02,1.510843570843570944e+02,1.610970515970516033e+02
1.813065752319483579e+02,1.504304154901169852e+02,1.604376764824525878e+02
1.820821048321048181e+02,1.511003276003276028e+02,1.611433251433251428e+02
1.813126260588947218e+02,1.504114562323517532e+02,1.605453812020976159e+02
1.826021752771386844e+02,1.514658021334448961e+02,1.615758209579585980e+02
1.836914758269720096e+02,1.523191263782866827e+02,1.626162001696352775e+02
1.825406818657184829e+02,1.514758418740849208e+02,1.615423551558251347e+02
1.848563368055555429e+02,1.532858072916666572e+02,1.634906684027777715e+02
1.834864291772688603e+02,1.523982188295165372e+02,1.624851569126378195e+02
1.834658608990669961e+02,1.524173027989821776e+02,1.625343511450381584e+02
1.812696651875756402e+02,1.506653892698668926e+02,1.606258572004840630e+02
1.815962081484469479e+02,1.508636546994756031e+02,1.606504638967325604e+02
1.817022993142396103e+02,1.510137152077450651e+02,1.609070189592577549e+02
1.827471240326291593e+02,1.519778289060865859e+02,1.618297427316460926e+02
1.827837272537126125e+02,1.517517255804225158e+02,1.618100815728926989e+02
1.815407422347720967e+02,1.505897539330375139e+02,1.605520371117385992e+02
1.824778869778869819e+02,1.513771498771498898e+02,1.615110565110565233e+02
1.826533579033579144e+02,1.514780917280917265e+02,1.616033988533988577e+02
1.840602205258693687e+02,1.526032654792196865e+02,1.627775657336726169e+02
1.843258547008547055e+02,1.526700854700854677e+02,1.629085470085470035e+02
1.840405982905982967e+02,1.524160256410256409e+02,1.626367521367521363e+02
1.812351754739814567e+02,1.503259378781766884e+02,1.603739411052843877e+02
1.825857903357903353e+02,1.514244471744471809e+02,1.615649058149058135e+02
1.827762080262080246e+02,1.515391072891072781e+02,1.616697379197379121e+02
1.854984809027777715e+02,1.536121961805555429e+02,1.639103732638888857e+02
1.842207379134860048e+02,1.527357930449533399e+02,1.629726463104325660e+02
1.814062121823315863e+02,1.505453812020976159e+02,1.606270673658733301e+02
1.814751916095199817e+02,1.506474384832593785e+02,1.606490520371117441e+02
1.830514536707801767e+02,1.518391549884961194e+02,1.619002300773896650e+02
1.816682129891085253e+02,1.508483259378781725e+02,1.607224687373941094e+02
1.815278338039532002e+02,1.507494957644211411e+02,1.606748688987495086e+02
1.821695331695331674e+02,1.513149058149058135e+02,1.612690417690417632e+02
1.821083128583128712e+02,1.513798116298116270e+02,1.612540950040950065e+02
1.824498361998361986e+02,1.516312448812448679e+02,1.615808763308763218e+02
1.824584357084357009e+02,1.517532760032759995e+02,1.617352579852579879e+02
1.852730034722222285e+02,1.537834201388888857e+02,1.639882812500000000e+02
1.853079427083333428e+02,1.536295572916666572e+02,1.638687065972222285e+02
1.828017151223593260e+02,1.516638778498221996e+02,1.618441748588161602e+02
1.815052440500201669e+02,1.506198063735377275e+02,1.606936264622831914e+02
1.824656019656019623e+02,1.513341523341523214e+02,1.616187551187551321e+02
1.828009828009828084e+02,1.514541359541359498e+02,1.617317772317772437e+02
1.834091194310813648e+02,1.520100397406400248e+02,1.623195984103743967e+02
1.830640033465802219e+02,1.518686467266262241e+02,1.621464128843338131e+02
1.827868550368550302e+02,1.516803849303849177e+02,1.619420556920557033e+02
1.818144413069786083e+02,1.508485276321097217e+02,1.610076643807987011e+02
1.861270842721946792e+02,1.540874267688147938e+02,1.645263632266786828e+02
1.853569878472222285e+02,1.534437934027777715e+02,1.637480468750000000e+02
1.827368751307257924e+02,1.515526040577285016e+02,1.617377117757791325e+02
1.826789374607822651e+02,1.515611796695252167e+02,1.617628111273792229e+02
1.850690104166666572e+02,1.535546875000000000e+02,1.638825954861111143e+02
1.841541560644614037e+02,1.528992790500423951e+02,1.631346480067853975e+02
1.831305166283204358e+02,1.520543819284668530e+02,1.623110227985777101e+02
1.831708847521439054e+02,1.522325873248274490e+02,1.623886216272746310e+02
1.842446988973706539e+02,1.531806615776081344e+02,1.634105173876166361e+02
1.837322735829324358e+02,1.529939343233633053e+02,1.631744404936205797e+02
1.841292616607404398e+02,1.534559715540681850e+02,1.636320853377954450e+02
1.853095843935538483e+02,1.544319338422391752e+02,1.649187871077184013e+02
1.834127764127764237e+02,1.529529074529074535e+02,1.633640458640458633e+02
1.829891482391482498e+02,1.524174856674856642e+02,1.627731367731367698e+02
1.826056511056511056e+02,1.519993857493857377e+02,1.623808353808353786e+02
1.838594147582697076e+02,1.527550890585241632e+02,1.632396098388464907e+02
1.838414529914529965e+02,1.527668803418803520e+02,1.633147435897435855e+02
1.823618489855678604e+02,1.514459318134281602e+02,1.618395733110228036e+02
1.796058894715611132e+02,1.491746672045179594e+02,1.594419120613150369e+02
1.815970052083333428e+02,1.507406684027777715e+02,1.611239149305555429e+02
1.776566339066339140e+02,1.476332923832923711e+02,1.578409090909090935e+02
1.789974554707379184e+02,1.487393977947413077e+02,1.589535623409669256e+02
1.796036324786324769e+02,1.490777777777777828e+02,1.592908119658119688e+02
1.796793893129770936e+02,1.490564037319762463e+02,1.591950805767599775e+02
1.811840277777777715e+02,1.501497395833333428e+02,1.604116753472222285e+02
1.803994910941475780e+02,1.492913486005089112e+02,1.592712044105173845e+02
1.797767175572519136e+02,1.487215860899067081e+02,1.586832061068702160e+02
1.764246519246519256e+02,1.459709254709254651e+02,1.554791154791154781e+02
1.738116175877370040e+02,1.441555062525211781e+02,1.534281968535700003e+02
1.765311704834605564e+02,1.461541560644614037e+02,1.556234096692111848e+02
1.771004774305555429e+02,1.469194878472222285e+02,1.565661892361111143e+02
1.770258246527777715e+02,1.473322482638888857e+02,1.570249565972222285e+02
1.786609977324262957e+02,1.489061224489796018e+02,1.588344671201814151e+02
1.798369614512471628e+02,1.495444444444444514e+02,1.594253968253968310e+02
1.757195147458690769e+02,1.462198284877640617e+02,1.559899602593599752e+02
1.756984671238402598e+02,1.458376361436062894e+02,1.555373134328358162e+02
1.760009674922600595e+02,1.461604102167182759e+02,1.557871517027863888e+02
1.804011056511056381e+02,1.494748157248157270e+02,1.593523751023751061e+02
1.807192416296893782e+02,1.498640580879386732e+02,1.598116175877370040e+02
1.803506191950464483e+02,1.497933436532507869e+02,1.596368034055727492e+02
1.805816563467492131e+02,1.501441563467492131e+02,1.600327012383901035e+02
1.833034825870646785e+02,1.523609950248756206e+02,1.623472636815920396e+02
1.823581656346749185e+02,1.518676470588235361e+02,1.617997291021671913e+02
1.845054726368159095e+02,1.535677611940298561e+02,1.636612935323383056e+02
1.830354102167182759e+02,1.526255804953560471e+02,1.626416408668730753e+02
1.832579334365325110e+02,1.528550696594427336e+02,1.627695433436532539e+02
1.827051868802440993e+02,1.522276887871853432e+02,1.621561784897025120e+02
1.822725019069412724e+02,1.518766209000762899e+02,1.617562929061784871e+02
1.819342105263157805e+02,1.516904024767801786e+02,1.615338622291021693e+02
1.783056776556776697e+02,1.486926739926740026e+02,1.582591575091575180e+02
1.789088729016786488e+02,1.491090204759269398e+02,1.587891532927504272e+02
1.796557345971563961e+02,1.497666350710900360e+02,1.595179146919431332e+02
1.806629256965944137e+02,1.508388157894736707e+02,1.607244582043343541e+02
1.818771284829721253e+02,1.517596749226006239e+02,1.616938854489164044e+02
1.835304558289632837e+02,1.528114158935054547e+02,1.628204921339249722e+02
1.838807987091569203e+02,1.528826139572408351e+02,1.629098426784993876e+02
1.804656750572082444e+02,1.503295194508009160e+02,1.602404652936689615e+02
1.806933049535603857e+02,1.507447755417956614e+02,1.606654411764705799e+02
1.847096642096641972e+02,1.535061425061425098e+02,1.637141687141687214e+02
1.840225897539330333e+02,1.530475998386446008e+02,1.632222670431625602e+02
1.842940701895925883e+02,1.532684550221863731e+02,1.635179507866075141e+02
1.867860474978795651e+02,1.552222222222222285e+02,1.656666666666666572e+02
1.859142438820330483e+02,1.544400752980548077e+02,1.647862371888726329e+02
1.841807180314642949e+02,1.529808390480032187e+02,1.632047196450181445e+02
1.839671238402581821e+02,1.526702299314239610e+02,1.628668818071803059e+02
1.842604422604422609e+02,1.530106470106470056e+02,1.632481572481572414e+02
1.839225494150867348e+02,1.527089552238805936e+02,1.629356595401371521e+02
1.839471561113352038e+02,1.529080274304155012e+02,1.631708350141186088e+02
1.846046793061718461e+02,1.533390480032271057e+02,1.635304558289632837e+02
1.850244050020169482e+02,1.538033481242436551e+02,1.639945542557482838e+02
1.834965170278637743e+02,1.528003095975232100e+02,1.628645510835913228e+02
1.844320398009950281e+02,1.534977114427860556e+02,1.636407960199005061e+02
1.833339783281733730e+02,1.526979489164086772e+02,1.626875000000000000e+02
1.829011222910216645e+02,1.524771671826625266e+02,1.624167956656346803e+02
1.828262383900928683e+02,1.523076625386997023e+02,1.622559984520123919e+02
1.830739164086687367e+02,1.524752321981424075e+02,1.624945820433436552e+02
1.837970149253731336e+02,1.529371144278607062e+02,1.629872636815920259e+02
1.817507739938080533e+02,1.516166795665634766e+02,1.616011996904024670e+02
1.821544117647058840e+02,1.516755030959752446e+02,1.617776702786377712e+02
1.828519736842105203e+02,1.521296439628482915e+02,1.622594814241486176e+02
1.831540247678018716e+02,1.522025928792569687e+02,1.624864551083591380e+02
1.829651702786377712e+02,1.521381578947368496e+02,1.623869969040247554e+02
1.827544504643962853e+02,1.520719814241486176e+02,1.622362616099071317e+02
1.838069651741293455e+02,1.528013930348258782e+02,1.631100497512437926e+02
1.828123065015479938e+02,1.520437306501547994e+02,1.622765092879257054e+02
1.843666801129487567e+02,1.530695845098830148e+02,1.633989511899959552e+02
1.837480597014925365e+02,1.527162189054726298e+02,1.630292537313432888e+02
1.841220250100847124e+02,1.529558289632916512e+02,1.632192416296893782e+02
1.837190399354578574e+02,1.526224283985478110e+02,1.628069786204114564e+02
1.838543767648245364e+02,1.526946349334409092e+02,1.627555465913674766e+02
1.835601048810003988e+02,1.523872529245663543e+02,1.624433239209358533e+02
1.830381202097620132e+02,1.520699878983461133e+02,1.620179507866075141e+02
1.832406212182331444e+02,1.522222670431625602e+02,1.621653892698668926e+02
1.801772445820433575e+02,1.503382352941176521e+02,1.600866873065015454e+02
1.827422347720855100e+02,1.521308995562726807e+02,1.620151270673658814e+02
1.837686322686322740e+02,1.530294840294840242e+02,1.630634725634725726e+02
1.828614360629285898e+02,1.522583703106091093e+02,1.621409842678499444e+02
1.837319819819819884e+02,1.527549140049140135e+02,1.628343570843570944e+02
1.827551432029044065e+02,1.518519564340459738e+02,1.619179104477611872e+02
1.827892295280354915e+02,1.517981040742234882e+02,1.618412666397740907e+02
1.828005244050020224e+02,1.517474788221056770e+02,1.618126260588947218e+02
1.823495361032674396e+02,1.513652682533279688e+02,1.614953610326744524e+02
1.836056511056511056e+02,1.523427518427518521e+02,1.626048321048320986e+02
1.827706736587333580e+02,1.516653892698668926e+02,1.617327551432028940e+02
1.825195643404598513e+02,1.515730133118192953e+02,1.617123840258168741e+02
1.828223073820088871e+02,1.517946752722872077e+02,1.618354175070593044e+02
1.829721661960467998e+02,1.517275110931827271e+02,1.619045986284792207e+02
1.836414823914823842e+02,1.525239557739557767e+02,1.627512285012284963e+02
1.836713759213759261e+02,1.525472972972972912e+02,1.627123259623259628e+02
1.834123669123669060e+02,1.524670352170352032e+02,1.625829238329238251e+02
1.826730536506655938e+02,1.518313836224284046e+02,1.618912868091972541e+02
1.826466317063332099e+02,1.517704719645018088e+02,1.617351754739814567e+02
1.837201422296590749e+02,1.527724325454925633e+02,1.629799205187199220e+02
1.846410093299406299e+02,1.535339270568278209e+02,1.636696352841391047e+02
1.847527565733672645e+02,1.536808736217133173e+02,1.639215436810856659e+02
1.833316953316953288e+02,1.526240786240786349e+02,1.625503685503685460e+02
1.850903846153846075e+02,1.540606837606837587e+02,1.640677350427350518e+02
1.851854700854700866e+02,1.540113247863247921e+02,1.641104700854700980e+02
1.845645299145299134e+02,1.534126068376068304e+02,1.635655982905983024e+02
1.850282051282051157e+02,1.535361111111110972e+02,1.638002136752136835e+02
1.851538461538461604e+02,1.534829059829059759e+02,1.637803418803418936e+02
1.846505513146734643e+02,1.532851993214588617e+02,1.634508057675996611e+02
1.839387157498431407e+02,1.527927211880359835e+02,1.630539636059401687e+02
1.827168212989108440e+02,1.518158531665994246e+02,1.619302137958854360e+02
1.839123669123669060e+02,1.526609336609336651e+02,1.628378378378378386e+02
1.838413185913185828e+02,1.526144553644553525e+02,1.627700655200655149e+02
1.837649467649467567e+02,1.526154791154791042e+02,1.628493038493038512e+02
1.843189709265843987e+02,1.529663250366032230e+02,1.632373980338841193e+02
1.831073013311819295e+02,1.520276321097216510e+02,1.621853569987898425e+02
1.855332909245123005e+02,1.541164122137404604e+02,1.644281170483460528e+02
1.845804225057519261e+02,1.533735620163145654e+02,1.635917172139719753e+02
1.842958640458640502e+02,1.533654791154791042e+02,1.634572072072072046e+02
1.835282371924162987e+02,1.526732553448971430e+02,1.626659943525615120e+02
1.834491730536506680e+02,1.527037111738604267e+02,1.626553045582896289e+02
1.834677289229528014e+02,1.527888261395724214e+02,1.627293263412666420e+02
1.842457002457002488e+02,1.535589680589680484e+02,1.635802620802620879e+02
1.842637182637182605e+02,1.535018427518427586e+02,1.634957002457002488e+02
1.844152334152334163e+02,1.536380016380016400e+02,1.636355446355446475e+02
1.835433642597821802e+02,1.527827753126260575e+02,1.628245260185558720e+02
1.831306978620411314e+02,1.524102460669624861e+02,1.624860830980233857e+02
1.836123436869705472e+02,1.524895118999596662e+02,1.627734973779749907e+02
1.830578862444534138e+02,1.522016942315449910e+02,1.623334005647438403e+02
1.830826946349334321e+02,1.521351351351351298e+02,1.623600242033077734e+02
1.836708350141186088e+02,1.524796288826139516e+02,1.626367486889874954e+02
1.842209254709254651e+02,1.530655200655200758e+02,1.632127354627354521e+02
1.849228194938297349e+02,1.536044760510353342e+02,1.637987868646726497e+02
1.843032350532350563e+02,1.531275593775593791e+02,1.631914414414414409e+02
1.844461506961507098e+02,1.531893939393939377e+02,1.633175675675675791e+02
1.848468939552394943e+02,1.535718468939552395e+02,1.638887262079063021e+02
1.835713997579669297e+02,1.525348931020572820e+02,1.627414279951593414e+02
1.840348075348075270e+02,1.529840294840294916e+02,1.631183456183456144e+02
1.835905607099636825e+02,1.526514723678902783e+02,1.627210568777732931e+02
1.844893529893529944e+02,1.534445126945126958e+02,1.635649058149058135e+02
1.833695038321903894e+02,1.526641791044776255e+02,1.627018959257765118e+02
1.835233965308592303e+02,1.528465106897942860e+02,1.628672851956434044e+02
1.847057739557739637e+02,1.537803030303030312e+02,1.638748976248976135e+02
1.850598201213135212e+02,1.541390922401171224e+02,1.642072788119640165e+02
1.860784563189143341e+02,1.550203562340966812e+02,1.650799406276505579e+02
1.854756327128215787e+02,1.544854632921982898e+02,1.646069859861953546e+02
1.865328668363019631e+02,1.552029262086514052e+02,1.654679813401187403e+02
1.847395577395577391e+02,1.537219492219492167e+02,1.639127764127764237e+02
1.853861116921146106e+02,1.540156870947500636e+02,1.642279857770340925e+02
1.864386752136752250e+02,1.547931623931623903e+02,1.652132478632478580e+02
1.852832043505542856e+02,1.539142438820330483e+02,1.641083455344070217e+02
1.863653519932146025e+02,1.547209499575911877e+02,1.651278625954198560e+02
1.850167895167895153e+02,1.536687141687141605e+02,1.639455364455364474e+02
1.841571198063735437e+02,1.530564743848325975e+02,1.632170229931423933e+02
1.863089482612383279e+02,1.547569974554707244e+02,1.652078032230703855e+02
1.853787910478979200e+02,1.539730181970299157e+02,1.643396778916544747e+02
1.863229431721798051e+02,1.547198897370653015e+02,1.652230703986429319e+02
1.841807180314642949e+02,1.530326744655102971e+02,1.632212585720048423e+02
1.846623669123669060e+02,1.536386158886159023e+02,1.637336199836199739e+02
1.844803439803439744e+02,1.534623259623259628e+02,1.636175266175266074e+02
1.860657336726038977e+02,1.546647582697200960e+02,1.648390585241730264e+02
1.859546225614927835e+02,1.546787531806615732e+02,1.649554707379134868e+02
1.870238715277777715e+02,1.554379340277777715e+02,1.655407986111111143e+02
1.862113247863247807e+02,1.549613247863247807e+02,1.650029914529914663e+02
1.846613679146622076e+02,1.538077807989960206e+02,1.638402007948128016e+02
1.850631667015268818e+02,1.540474796067768182e+02,1.640842919891236136e+02
1.857697201017811608e+02,1.546899915182357859e+02,1.647122561492790567e+02
1.855262820512820383e+02,1.546136752136752079e+02,1.645846153846153754e+02
1.866197916666666572e+02,1.551378038194444571e+02,1.653719618055555429e+02
1.865256076388888857e+02,1.549976128472222285e+02,1.652052951388888857e+02
1.870709635416666572e+02,1.552667100694444571e+02,1.655533854166666572e+02
1.884074829931972772e+02,1.563000000000000114e+02,1.667476190476190538e+02
1.853990796904413401e+02,1.540389039949801315e+02,1.642834135118175993e+02
1.851920556920557033e+02,1.538914823914823842e+02,1.641414823914823842e+02
1.845310609116579315e+02,1.534116579265833025e+02,1.635308592174263822e+02
1.839499798305768365e+02,1.530465913674868830e+02,1.631724485679709460e+02
1.846824324324324209e+02,1.535362407862407963e+02,1.636578624078624102e+02
1.840409439290036175e+02,1.529455425574828666e+02,1.630342880193626343e+02
1.840810810810810949e+02,1.530250100847115675e+02,1.631587333602259093e+02
1.842006857603872447e+02,1.531462283178701114e+02,1.632002823719241746e+02
1.842700685760387387e+02,1.532416296893908907e+02,1.632910447761194064e+02
1.854553440702781870e+02,1.541957749424806536e+02,1.643576657603011881e+02
1.850870188370188316e+02,1.538576986076986088e+02,1.639600737100737149e+02
1.849682637182637279e+02,1.539183046683046712e+02,1.639531122031121981e+02
1.864370229007633668e+02,1.551229855810008473e+02,1.652620865139949160e+02
1.866371794871794805e+02,1.553032051282051214e+02,1.653897435897436026e+02
1.855538590253085260e+02,1.545011503869483249e+02,1.645672453461618829e+02
1.855243672871784213e+02,1.545628529596318685e+02,1.645151641915917082e+02
1.865394402035623500e+02,1.551696352841391047e+02,1.653602629346904109e+02
1.865038461538461547e+02,1.551489316239316167e+02,1.653226495726495671e+02
1.863445716709075555e+02,1.549126378286683519e+02,1.653013146734520831e+02
1.859893977947413077e+02,1.546225614927905099e+02,1.649847328244274820e+02
1.863466921119592996e+02,1.547835029686174835e+02,1.651759966072943087e+02
1.853417695042878108e+02,1.539364149759464624e+02,1.642430453879941297e+02
1.861662425784563197e+02,1.547033502968617427e+02,1.650837574215436803e+02
1.863015267175572660e+02,1.547519083969465612e+02,1.651698473282442876e+02
1.852365613888307792e+02,1.539997908387366579e+02,1.643411420204978128e+02
1.864100932994062703e+02,1.548460559796437792e+02,1.652565733672603869e+02
1.864061965811965820e+02,1.549230769230769340e+02,1.652192307692307622e+02
1.864486853265479169e+02,1.549732824427480864e+02,1.653522052586938003e+02
1.856009203095586599e+02,1.542514118385275026e+02,1.645247856097050771e+02
1.853524367287178336e+02,1.540709056682702283e+02,1.642712821585442384e+02
1.849842342342342363e+02,1.537962735462735395e+02,1.639666257166257139e+02
1.853959422714913217e+02,1.541585442376072024e+02,1.643037021543610194e+02
1.839098426784993876e+02,1.531050826946349446e+02,1.632085518354174951e+02
1.834909452736318372e+02,1.527769154228855655e+02,1.627799004975124433e+02
1.844739814441306862e+02,1.534963695038321987e+02,1.635772488906817159e+02
1.851140458640458633e+02,1.542504095004094893e+02,1.643134725634725726e+02
1.851361588861588814e+02,1.541410728910728949e+02,1.642344389844389809e+02
1.850743243243243228e+02,1.539473791973792061e+02,1.641451678951679014e+02
1.850257985257985354e+02,1.538710073710073800e+02,1.640868140868140870e+02
1.851025798525798507e+02,1.538298525798525702e+02,1.641357493857493921e+02
1.844959661153691002e+02,1.533245260185558720e+02,1.636365469947559461e+02
1.847406212182331444e+02,1.535756353368293787e+02,1.639003630496167716e+02
1.870133587786259568e+02,1.553004664970313797e+02,1.657983460559796356e+02
1.866607294317217907e+02,1.550502544529261968e+02,1.655911789652247705e+02
1.855339885339885200e+02,1.541695331695331674e+02,1.645720720720720749e+02
1.855700245700245716e+02,1.542186732186732172e+02,1.646310401310401232e+02
1.856418918918919019e+02,1.542409909909909800e+02,1.646201883701883730e+02
1.850094796288826160e+02,1.536141589350544621e+02,1.639376764824525878e+02
1.853519656019655883e+02,1.540423832923833061e+02,1.643597461097461121e+02
1.854500409500409432e+02,1.541672809172809195e+02,1.645100327600327716e+02
1.857399672399672284e+02,1.544295659295659391e+02,1.647158067158067070e+02
1.856541769041768930e+02,1.544416461916461856e+02,1.647809172809172935e+02
1.875301282051281930e+02,1.559094017094017204e+02,1.663638888888888800e+02
1.878662393162393300e+02,1.562190170940170901e+02,1.666305555555555600e+02
1.874147582697200960e+02,1.559181509754028809e+02,1.662606022052586923e+02
1.896633618747183334e+02,1.577812077512392932e+02,1.683370887787291679e+02
1.895671473636773214e+02,1.576802613789995462e+02,1.682169896349707017e+02
1.883763020833333428e+02,1.566219618055555429e+02,1.670713975694444571e+02
1.871223494486853269e+02,1.555797285835453749e+02,1.660292620865139952e+02
1.861620999790838766e+02,1.547218155197657268e+02,1.650960050198703186e+02
1.868863443596268041e+02,1.552885920271416467e+02,1.658670483460559808e+02
1.860470612842501623e+02,1.544848358084082918e+02,1.649803388412466063e+02
1.872555555555555600e+02,1.554711538461538396e+02,1.660500000000000114e+02
1.869879134860050840e+02,1.552097116200169751e+02,1.657936810856658099e+02
1.855870188370188316e+02,1.541259213759213651e+02,1.645706388206388340e+02
1.848215006050826901e+02,1.534647035094796195e+02,1.638265429608713077e+02
1.855694103194103093e+02,1.540771908271908330e+02,1.645333742833742861e+02
1.848630496167809554e+02,1.534167002823719201e+02,1.637529245663573931e+02
1.848682936668011223e+02,1.535066559096409833e+02,1.638144413069786083e+02
1.848229124647035064e+02,1.536103267446551115e+02,1.638319887051230239e+02
1.871639100932993927e+02,1.554862171331637057e+02,1.660301102629346985e+02
1.872938931297709928e+02,1.556276505513146731e+02,1.660576759966072871e+02
1.883407118055555429e+02,1.563949652777777715e+02,1.669075520833333428e+02
1.856556101556101623e+02,1.544883292383292428e+02,1.646910319410319516e+02
1.855604013104013177e+02,1.543675266175266074e+02,1.645604013104013177e+02
1.848850342880193693e+02,1.538033481242436551e+02,1.638753529649052041e+02
1.851357402178297775e+02,1.540437676482452503e+02,1.640770471964501951e+02
1.859405982012131346e+02,1.546477724325454801e+02,1.649736456808199137e+02
1.846091165792658444e+02,1.536139572408229128e+02,1.638327954820492209e+02
1.854854627354627326e+02,1.542622850122850195e+02,1.646066748566748572e+02
1.857402217109391245e+02,1.542798577703409251e+02,1.647006902321689950e+02
1.858121731855260350e+02,1.544507425224848305e+02,1.648046433800460022e+02
1.868343935538592007e+02,1.551291348600508968e+02,1.656077184054283293e+02
1.870425213675213740e+02,1.552970085470085451e+02,1.657561965811965763e+02
1.859466638778498293e+02,1.542104162309140349e+02,1.645685003137419073e+02
1.853507371007370921e+02,1.538945536445536391e+02,1.641578624078624102e+02
1.867731128074639457e+02,1.550182357930449655e+02,1.654090330788804124e+02
1.869376068376068361e+02,1.551925213675213797e+02,1.655081196581196536e+02
1.869995726495726558e+02,1.551162393162393300e+02,1.655356837606837530e+02
1.869339743589743534e+02,1.552079059829059702e+02,1.655645299145299134e+02
1.873621794871794748e+02,1.555762820512820497e+02,1.658653846153846132e+02
1.882723524305555429e+02,1.561985677083333428e+02,1.666386718750000000e+02
1.868305767599660783e+02,1.553335453774384973e+02,1.655905428329092501e+02
1.857849822212926085e+02,1.545229031583350832e+02,1.647600920309558603e+02
1.867919847328244316e+02,1.553891009329940687e+02,1.656961407972858353e+02
1.880470920138888857e+02,1.563300781250000000e+02,1.665783420138888857e+02
1.853529893529893400e+02,1.543505323505323474e+02,1.643988533988533902e+02
1.866047497879558819e+02,1.554461407972858353e+02,1.655729431721798051e+02
1.852854217854217893e+02,1.545468877968878019e+02,1.645728910728910819e+02
1.867529686174724475e+02,1.555339270568278209e+02,1.657798982188295156e+02
1.869667090754876995e+02,1.555716709075487643e+02,1.660216284987277220e+02
1.861041623091403494e+02,1.547780798996026022e+02,1.650370215436101375e+02
1.860849194729136116e+02,1.547690859652792312e+02,1.651020706965070133e+02
1.871248939779474085e+02,1.554495335029686203e+02,1.659546225614927835e+02
1.861016523739803290e+02,1.546824932022589394e+02,1.650575193474168714e+02
1.872673876166242621e+02,1.556757845631891541e+02,1.661265903307888152e+02
1.884756944444444571e+02,1.565223524305555429e+02,1.670071614583333428e+02
1.865592972181551943e+02,1.551572892700271780e+02,1.654220874294080659e+02
1.877685897435897573e+02,1.561222222222222342e+02,1.664551282051282044e+02
1.873085241730279904e+02,1.557370653095843807e+02,1.661444020356234148e+02
1.873184902459711623e+02,1.557557251908396836e+02,1.661628498727735348e+02
1.876438034188034294e+02,1.560145299145299020e+02,1.662410256410256295e+02
1.876230769230769226e+02,1.561290598290598268e+02,1.663944444444444457e+02
1.878363247863247807e+02,1.562384615384615358e+02,1.666061965811965706e+02
1.862501568709475066e+02,1.551022798577703270e+02,1.652137628111273671e+02
1.860432963815101459e+02,1.550439238653001439e+02,1.651664923656138910e+02
1.872147435897435912e+02,1.559358974358974308e+02,1.660829059829059702e+02
1.856130221130221116e+02,1.548132678132677995e+02,1.647768222768222870e+02
1.872892281594571671e+02,1.560803647158608953e+02,1.661354961832061008e+02
1.851637757160145270e+02,1.544043969342476714e+02,1.643799919322307517e+02
1.860331695331695414e+02,1.549639639639639768e+02,1.649226044226044223e+02
1.858748976248976135e+02,1.547858312858312786e+02,1.649836199836199739e+02
1.875395299145299077e+02,1.560551282051281987e+02,1.663299145299145323e+02
1.871897794741306313e+02,1.556978371501272136e+02,1.660235368956743116e+02
1.856781326781326698e+02,1.544660114660114800e+02,1.646879606879606968e+02
1.861064630830370277e+02,1.548284877640660966e+02,1.651466220455971552e+02
1.859721815519765755e+02,1.546866764275256116e+02,1.650326291570800947e+02
1.859866136791466147e+02,1.547111482953357040e+02,1.649498012967998193e+02
1.857186781008157368e+02,1.544750052290315807e+02,1.646548839154988570e+02
1.867516963528413783e+02,1.553208227311280609e+02,1.655165394402035588e+02
1.866870229007633668e+02,1.552639949109414772e+02,1.655892705682782093e+02
1.865250212044105069e+02,1.551789652247667561e+02,1.654026717557251800e+02
1.875392795138888857e+02,1.558904079861111143e+02,1.662072482638888857e+02
1.851342815310604522e+02,1.541466220455971552e+02,1.642263124869274122e+02
1.861547008547008488e+02,1.549232905982906061e+02,1.649572649572649539e+02
1.854720101781170456e+02,1.544556827820186697e+02,1.645262934690415477e+02
1.834959049959049935e+02,1.530126945126945088e+02,1.627616707616707572e+02
1.834450951683748201e+02,1.528502405354528264e+02,1.627243254549257472e+02
1.845470737913485948e+02,1.536749363867684508e+02,1.635769720101781104e+02
1.854778645833333428e+02,1.544264322916666572e+02,1.643539496527777715e+02
1.848213675213675344e+02,1.540824786324786260e+02,1.639465811965812065e+02
1.843261238337574355e+02,1.536293469041560513e+02,1.635265055131467307e+02
1.849147435897435798e+02,1.540700854700854734e+02,1.640519230769230887e+02
1.841793893129770936e+02,1.533426632739609943e+02,1.634028837998303629e+02
1.842215860899067081e+02,1.532614503816793956e+02,1.633539016115352069e+02
1.841617896522476769e+02,1.532905004240882079e+02,1.633971586089906793e+02
1.833354946663877740e+02,1.525785400543819321e+02,1.625597155406818786e+02
1.833683329847312393e+02,1.525806316670152682e+02,1.624963396778916547e+02
1.842646310432569976e+02,1.533405428329092501e+02,1.634766751484308713e+02
1.848613247863247864e+02,1.537297008547008659e+02,1.639134615384615472e+02
1.849346153846153982e+02,1.538553418803418822e+02,1.638852564102564031e+02
1.850023504273504216e+02,1.539190170940171072e+02,1.639799145299145380e+02
1.856089409722222285e+02,1.544162326388888857e+02,1.644492187500000000e+02
1.855991753472222285e+02,1.543695746527777715e+02,1.643209635416666572e+02
1.847602564102564031e+02,1.538239316239316281e+02,1.636933760683760681e+02
1.853776041666666572e+02,1.543311631944444571e+02,1.641879340277777715e+02
1.854097222222222285e+02,1.543138020833333428e+02,1.642825520833333428e+02
1.845914529914529965e+02,1.537277777777777885e+02,1.636820512820512761e+02
1.870879818594104336e+02,1.557884353741496568e+02,1.657414965986394577e+02
1.849797008547008659e+02,1.541980769230769113e+02,1.639570512820512818e+02
1.857816840277777715e+02,1.548708767361111143e+02,1.646625434027777715e+02
1.857777777777777715e+02,1.547547743055555429e+02,1.646011284722222285e+02
1.855238715277777715e+02,1.545889756944444571e+02,1.644092881944444571e+02
1.846846153846153982e+02,1.538585470085470206e+02,1.636882478632478524e+02
1.842029262086514052e+02,1.534851569126378195e+02,1.633625954198473380e+02
1.841477947413061997e+02,1.533297285835453749e+02,1.632457591178965117e+02
1.855462239583333428e+02,1.544168836805555429e+02,1.644338107638888857e+02
1.852847222222222285e+02,1.540998263888888857e+02,1.640798611111111143e+02
1.845608974358974308e+02,1.536085470085470206e+02,1.636264957264957332e+02
1.871176870748299450e+02,1.556585034013605480e+02,1.657129251700680186e+02
1.856315104166666572e+02,1.544175347222222285e+02,1.643352864583333428e+02
1.855013020833333428e+02,1.542087673611111143e+02,1.643285590277777715e+02
1.861750788643533099e+02,1.548152320865254694e+02,1.649269941415051903e+02
1.867104308390022709e+02,1.552619047619047592e+02,1.653532879818594097e+02
1.862275799909869249e+02,1.549470482199188837e+02,1.650108156827399739e+02
1.855549045138888857e+02,1.543817274305555429e+02,1.642601996527777715e+02
1.864589905362776108e+02,1.552021180712032447e+02,1.652798557908967894e+02
1.863661559260928300e+02,1.552555205047318623e+02,1.652697160883280674e+02
1.843432994062765147e+02,1.535782442748091512e+02,1.634997879558948171e+02
1.843329092451229769e+02,1.537003816793893236e+02,1.634949109414758368e+02
1.867327625056331613e+02,1.555515998197386125e+02,1.655216313654799478e+02
1.859379340277777715e+02,1.550546875000000000e+02,1.649062500000000000e+02
1.869094186570527256e+02,1.558871113114015259e+02,1.658204146011717057e+02
1.863255208333333428e+02,1.553311631944444571e+02,1.652434895833333428e+02
1.864728732638888857e+02,1.554498697916666572e+02,1.654698350694444571e+02
1.865015190972222285e+02,1.552647569444444571e+02,1.653938802083333428e+02
1.864676649305555429e+02,1.552567274305555429e+02,1.653630642361111143e+02
1.871998648039657382e+02,1.556520955385308582e+02,1.658675078864353338e+02
1.869993240198287481e+02,1.555908066696710250e+02,1.657827850383055477e+02
1.862200520833333428e+02,1.548674045138888857e+02,1.650154079861111143e+02
1.870513744930148619e+02,1.555804416403785524e+02,1.657857142857142776e+02
1.876952380952380963e+02,1.561215419501133681e+02,1.663963718820861573e+02
1.871230283911671961e+02,1.556978368634520109e+02,1.659369085173501617e+02
1.871534474988733621e+02,1.556892744479495150e+02,1.659655250112663225e+02
1.862838541666666572e+02,1.549800347222222285e+02,1.650811631944444571e+02
1.876181405895691512e+02,1.559687074829932101e+02,1.663195011337868436e+02
1.870385308697611606e+02,1.557039206849932498e+02,1.657701667417755687e+02
1.872658855340243349e+02,1.558298783235691758e+02,1.659941415051825118e+02
1.864893663194444571e+02,1.551660156250000000e+02,1.651907552083333428e+02
1.879616780045351447e+02,1.564126984126984041e+02,1.665147392290249400e+02
1.855534188034187935e+02,1.545485042735042782e+02,1.644491452991453002e+02
1.840238443840200659e+02,1.533099769922610278e+02,1.630725789583769085e+02
1.839307676218364236e+02,1.533087220246810318e+02,1.631669106881405469e+02
1.840447605103534841e+02,1.534112110437147010e+02,1.631562434637105241e+02
1.851418803418803520e+02,1.543521367521367438e+02,1.641752136752136835e+02
1.856440170940171015e+02,1.546044871794871653e+02,1.645946581196581064e+02
1.848127650551314787e+02,1.537953774385072165e+02,1.637892281594571671e+02
1.860410156250000000e+02,1.546134982638888857e+02,1.647311197916666572e+02
1.836442166910688059e+02,1.527718050617025654e+02,1.628259778289060762e+02
1.868089229382604799e+02,1.553343848580441602e+02,1.655504731861198877e+02
1.875036281179138200e+02,1.556868480725623556e+02,1.661775510204081741e+02
1.876548752834466995e+02,1.558120181405895721e+02,1.661215419501133681e+02
1.875206349206349330e+02,1.557027210884353678e+02,1.661369614512471742e+02
1.847622985581000989e+02,1.536376166242578449e+02,1.637654792196777009e+02
1.851557692307692378e+02,1.540316239316239262e+02,1.640878205128205138e+02
1.837697134490692292e+02,1.528544237607195271e+02,1.629539845220665200e+02
1.860954861111111143e+02,1.546497395833333428e+02,1.647894965277777715e+02
1.851987179487179560e+02,1.539790598290598211e+02,1.640337606837606756e+02
1.859811197916666572e+02,1.546460503472222285e+02,1.647758246527777715e+02
1.851923076923076792e+02,1.540149572649572747e+02,1.641540598290598325e+02
1.847058948261238243e+02,1.537234944868532693e+02,1.637531806615776020e+02
1.846959287531806524e+02,1.539126378286683519e+02,1.638971586089906793e+02
1.848768023748939697e+02,1.540799406276505579e+02,1.640858778625954244e+02
1.870141955835962051e+02,1.557821090581342958e+02,1.657897701667417891e+02
1.870696259576385785e+02,1.559121225777377333e+02,1.658954484001802712e+02
1.859544270833333428e+02,1.548135850694444571e+02,1.648279079861111143e+02
1.874609977324263070e+02,1.559517006802720971e+02,1.661312925170068127e+02
1.872721088435374099e+02,1.556714285714285779e+02,1.659537414965986386e+02
1.833961514327546638e+02,1.526264379836854346e+02,1.626661786237188778e+02
1.872297052154195001e+02,1.554448979591836633e+02,1.658253968253968367e+02
1.873287981859410536e+02,1.554675736961451378e+02,1.658659863945578365e+02
1.874721088435374270e+02,1.556192743764172235e+02,1.659510204081632594e+02
1.860648871527777715e+02,1.545496961805555429e+02,1.647584635416666572e+02
1.846817217981340207e+02,1.535053011026293461e+02,1.635805767599660783e+02
1.849365384615384755e+02,1.537014957264957218e+02,1.638666666666666742e+02
1.850519230769230887e+02,1.538282051282051270e+02,1.638480769230769170e+02
1.845231128074639457e+02,1.534024597116200255e+02,1.635723070398642847e+02
1.866327174402884168e+02,1.550416854438936411e+02,1.653098242451554825e+02
1.847769296013570681e+02,1.535195080576760063e+02,1.636626378286683519e+02
1.852019230769230660e+02,1.540070512820512931e+02,1.639980769230769226e+02
1.844628922815945771e+02,1.534274809160305324e+02,1.634673452078032199e+02
1.850339743589743478e+02,1.539773504273504159e+02,1.639363247863247750e+02
1.850132478632478694e+02,1.539294871794871824e+02,1.638395299145299191e+02
1.848876068376068247e+02,1.539602564102564202e+02,1.638967948717948673e+02
1.857087673611111143e+02,1.545375434027777715e+02,1.645991753472222285e+02
1.847091880341880312e+02,1.538728632478632505e+02,1.637965811965812009e+02
1.848119658119658197e+02,1.538074786324786203e+02,1.637626068376068247e+02
1.847470085470085337e+02,1.536192307692307679e+02,1.636882478632478524e+02
1.842167090754876995e+02,1.531176844783715012e+02,1.632145886344359553e+02
1.841344359626802429e+02,1.528708651399491032e+02,1.630744274809160288e+02
1.856775173611111143e+02,1.539782986111111143e+02,1.642717013888888857e+02
1.864970707525912701e+02,1.546976115367282603e+02,1.649941415051825118e+02
1.841863867684478464e+02,1.530186598812553029e+02,1.631675148430873605e+02
1.863539882830103522e+02,1.545340243352861762e+02,1.649127985579089568e+02
1.852593315972222285e+02,1.536356336805555429e+02,1.638595920138888857e+02
1.850923076923076849e+02,1.535053418803418879e+02,1.637525641025640937e+02
1.873623582766439881e+02,1.554333333333333371e+02,1.658480725623582828e+02
1.853209401709401618e+02,1.538241452991453002e+02,1.640880341880341859e+02
1.850401709401709525e+02,1.536179487179487069e+02,1.638147435897435855e+02
1.851925213675213797e+02,1.537779914529914436e+02,1.639980769230769226e+02
1.849523504273504386e+02,1.535715811965812065e+02,1.636978632478632392e+02
1.849427350427350518e+02,1.537952991452991398e+02,1.637897435897435798e+02
1.873333333333333428e+02,1.555267573696145007e+02,1.658469387755102105e+02
1.851946581196581292e+02,1.539933760683760795e+02,1.639775641025641164e+02
1.860588107638888857e+02,1.546655815972222285e+02,1.647003038194444571e+02
1.861100260416666572e+02,1.547011718750000000e+02,1.647076822916666572e+02
1.861460503472222285e+02,1.546673177083333428e+02,1.647649739583333428e+02
1.852012820512820497e+02,1.539247863247863108e+02,1.639933760683760795e+02
1.850929487179487296e+02,1.537743589743589609e+02,1.638239316239316281e+02
1.858374565972222285e+02,1.542061631944444571e+02,1.644490017361111143e+02
1.849399572649572576e+02,1.533940170940171015e+02,1.637391025641025522e+02
1.844503816793893236e+02,1.529421119592875300e+02,1.631291348600508968e+02
1.847957264957264840e+02,1.531574786324786430e+02,1.635262820512820383e+02
1.834465592972181582e+02,1.522610332566408715e+02,1.624346371052081111e+02
1.845871501272264652e+02,1.530540712468193476e+02,1.632391857506361248e+02
1.850942307692307622e+02,1.535711538461538339e+02,1.638066239316239319e+02
1.858313802083333428e+02,1.539906684027777715e+02,1.642888454861111143e+02
1.845990245971161983e+02,1.530975402883799745e+02,1.633863443596268041e+02
1.851485042735042725e+02,1.535858974358974365e+02,1.638262820512820497e+02
1.860737847222222285e+02,1.542443576388888857e+02,1.646180555555555429e+02
1.869722848129788133e+02,1.551967102298332577e+02,1.655624155024785864e+02
1.852807692307692378e+02,1.538574786324786317e+02,1.640442307692307793e+02
1.851502136752136778e+02,1.537448717948717842e+02,1.638309829059828928e+02
1.870496598639455783e+02,1.550419501133786753e+02,1.653344671201814151e+02
1.844698350694444571e+02,1.528960503472222285e+02,1.628526475694444571e+02
1.803626856306212005e+02,1.492455553231541501e+02,1.588853796276929415e+02
1.787021543610123331e+02,1.478979293034929867e+02,1.573631039531478848e+02
1.766934889434889442e+02,1.461494676494676526e+02,1.553730548730548833e+02
1.765908805689186352e+02,1.459897510980966331e+02,1.552365613888307792e+02
1.753662981162981112e+02,1.450364455364455409e+02,1.542786650286650172e+02
1.757457002457002488e+02,1.453931203931203981e+02,1.547551187551187581e+02
1.763335380835380874e+02,1.459011056511056381e+02,1.553007780507780637e+02
1.788974358974358836e+02,1.481036324786324769e+02,1.577991452991452945e+02
1.790621289228159583e+02,1.484249363867684508e+02,1.581407972858354469e+02
1.796925360474978675e+02,1.489098812553011157e+02,1.585928753180661488e+02
1.797181623931624017e+02,1.489423076923076792e+02,1.586905982905983024e+02
1.736508672851956305e+02,1.445465913674868830e+02,1.541629689390883300e+02
1.751489228194938335e+02,1.456404517883287895e+02,1.553449069232378292e+02
1.747807463952502189e+02,1.448816793893129784e+02,1.545727311280746505e+02
1.734888098724116219e+02,1.442202468102907460e+02,1.538615352436728756e+02
1.749238761662425645e+02,1.452071670907548651e+02,1.548479643765903404e+02
1.763750000000000000e+02,1.466119658119658027e+02,1.563158119658119745e+02
1.769243002544529304e+02,1.471825699745546956e+02,1.567994062765055219e+02
1.752244856797095736e+02,1.457920532472771242e+02,1.552152077450584784e+02
1.772988914453043208e+02,1.478161472495293935e+02,1.574921564526249824e+02
1.797555555555555600e+02,1.496948717948718013e+02,1.594596153846153754e+02
1.792362171331637057e+02,1.493032230703986443e+02,1.590566157760814292e+02
1.803632478632478637e+02,1.503350427350427481e+02,1.600948717948718070e+02
1.782700655200655149e+02,1.486138411138411186e+02,1.584428746928746818e+02
1.771421944332392115e+02,1.476825332795482097e+02,1.574116579265833025e+02
1.800843935538592007e+02,1.496774809160305324e+02,1.597131043256997316e+02
1.794868959868959735e+02,1.491918509418509302e+02,1.590970515970516033e+02
1.797090499590499633e+02,1.494457411957411921e+02,1.593484848484848442e+02
1.819592875318066092e+02,1.509864291772688603e+02,1.611072943172179919e+02
1.806232596232596279e+02,1.500773955773955777e+02,1.601326781326781372e+02
1.827508481764207033e+02,1.516592451229855669e+02,1.617421543681085723e+02
1.799348527632109835e+02,1.496002420330778477e+02,1.595867285195643319e+02
1.817278869778869819e+02,1.508953726453726460e+02,1.608355855855855907e+02
1.817698607698607702e+02,1.507977067977068089e+02,1.608300573300573433e+02
1.804689390883420685e+02,1.499342476805163358e+02,1.598971359419120688e+02
1.837311280746395141e+02,1.525489821882951560e+02,1.626348600508905804e+02
1.808019362646228387e+02,1.505139169019766143e+02,1.605496167809600649e+02
1.814723678902783490e+02,1.509100443727309369e+02,1.608735377168212892e+02
1.820647438483259464e+02,1.513814037918515396e+02,1.613434852763211040e+02
1.829410319410319516e+02,1.521601146601146581e+02,1.622113022113022112e+02
1.831269451269451167e+02,1.523628173628173670e+02,1.622158067158067070e+02
1.837015268772223351e+02,1.529136163982430503e+02,1.628425015687094799e+02
1.821131504638967442e+02,1.517478822105687755e+02,1.615907624041952317e+02
1.823846308995562708e+02,1.520566760790641467e+02,1.618894715611133392e+02
1.824876966518757513e+02,1.520673658733360298e+02,1.619316256555062523e+02
1.817008874546187940e+02,1.514949576442113823e+02,1.613450988301734697e+02
1.821750705929810294e+02,1.515203711173860484e+02,1.614764017749092488e+02
1.814158935054457515e+02,1.510588947156111317e+02,1.611155707946752784e+02
1.815958047599838778e+02,1.511008471157724955e+02,1.610945945945945823e+02
1.830589834762602095e+02,1.523246182806944091e+02,1.625032419995816895e+02
1.828050778050778149e+02,1.519916052416052423e+02,1.620327600327600237e+02
1.831376281112737843e+02,1.523886216272746310e+02,1.625986195356619817e+02
1.821958450988301763e+02,1.514225494150867348e+02,1.613797902379992024e+02
1.828912776412776395e+02,1.520698198198198270e+02,1.620769860769860884e+02
1.827201064701064581e+02,1.521203931203931177e+02,1.620282555282555279e+02
1.833398870529177884e+02,1.524814892281949312e+02,1.625869065049152766e+02
1.828867731367731437e+02,1.520843570843570944e+02,1.620378787878787818e+02
1.814647035094796195e+02,1.512313432835820777e+02,1.611250504235578944e+02
1.813767648245260204e+02,1.512966922146026718e+02,1.611762807583702966e+02
1.818215006050826901e+02,1.513446954417103711e+02,1.611986688180718090e+02
1.824836199836199739e+02,1.522428337428337386e+02,1.621392301392301363e+02
1.817622025010084599e+02,1.515100847115772353e+02,1.613783783783783861e+02
1.817591770875353063e+02,1.515298507462686644e+02,1.613691004437273193e+02
1.814862847922549349e+02,1.514100443727309369e+02,1.611488503428801948e+02
1.828122440622440763e+02,1.524840294840294916e+02,1.622143734643734660e+02
1.825550778050778149e+02,1.524428746928746818e+02,1.622721130221130181e+02
1.819661153691004358e+02,1.519911254538120318e+02,1.617170229931423933e+02
1.813652682533279688e+02,1.514265832997176346e+02,1.611692214602662432e+02
1.821532876159741932e+02,1.517801532876159740e+02,1.616591367486889794e+02
1.812585720048406586e+02,1.512414279951593414e+02,1.612018959257765118e+02
1.798537151702786332e+02,1.503134674922600595e+02,1.602372291021671913e+02
1.810784079601990015e+02,1.511434825870646819e+02,1.609351243781094638e+02
1.814346510689794343e+02,1.512327551432028940e+02,1.611165792658329963e+02
1.816389673255344803e+02,1.514050020169423192e+02,1.613366276724485715e+02
1.811144278606965088e+02,1.511799004975124490e+02,1.610322388059701382e+02
1.818096006454215399e+02,1.515139169019766143e+02,1.614203307785397215e+02
1.821819281968535620e+02,1.516986688180718090e+02,1.615893505445744154e+02
1.821488503428801948e+02,1.517222670431625602e+02,1.615947962888261316e+02
1.819731746672045176e+02,1.516157724889068277e+02,1.615352964905203805e+02
1.824805487305487190e+02,1.519862817362817395e+02,1.617540950040950065e+02
1.811387656313029311e+02,1.507880193626462244e+02,1.605278338039532002e+02
1.817820539636059323e+02,1.510845011503869557e+02,1.608734574356829228e+02
1.840401475694444571e+02,1.529177517361111143e+02,1.627545572916666572e+02
1.841922743055555429e+02,1.531497395833333428e+02,1.629635416666666572e+02
1.865244897959183561e+02,1.551947845804988617e+02,1.652623582766439938e+02
1.872392290249433131e+02,1.558959183673469511e+02,1.659712018140589578e+02
1.872012167643082421e+02,1.561052275799909808e+02,1.660439387111311476e+02
1.874249662009914346e+02,1.562703920684993193e+02,1.661135646687697260e+02
1.826448164582492950e+02,1.527236789027833765e+02,1.622835820895522261e+02
1.827914481645825049e+02,1.526776926179911129e+02,1.620746268656716325e+02
1.838481489228194903e+02,1.533260824095377473e+02,1.629364149759464624e+02
1.850396522476675045e+02,1.543600508905852280e+02,1.641658184902459823e+02
1.856380407124681824e+02,1.546796013570822765e+02,1.645678541136556419e+02
1.883958990536277724e+02,1.567956286615592489e+02,1.668891392519152816e+02
1.872121794871794975e+02,1.559076923076923151e+02,1.658982905982906004e+02
1.875893162393162470e+02,1.562677350427350405e+02,1.663811965811965763e+02
1.864735411001882426e+02,1.554961305166283125e+02,1.655601338632085344e+02
1.849921339249697496e+02,1.541932230738200928e+02,1.641611536910044435e+02
1.837269060104881078e+02,1.530822912464703620e+02,1.629201290843082006e+02
1.832093586123436921e+02,1.525201694231544991e+02,1.621992739007664284e+02
1.832043162565550745e+02,1.525546591367486826e+02,1.622630092779346569e+02
1.845974610974610925e+02,1.537420147420147316e+02,1.636486486486486456e+02
1.861293469041560513e+02,1.551083545377438497e+02,1.652633587786259568e+02
1.852361430663041233e+02,1.541587533988705161e+02,1.641418113365404849e+02
1.842608517608517502e+02,1.534897624897624837e+02,1.631932841932841995e+02
1.849075507216063556e+02,1.538494038903994863e+02,1.635534407027818418e+02
1.837906413876563079e+02,1.530486083098023471e+02,1.626668011294877090e+02
1.840853166599435156e+02,1.531899959661153616e+02,1.628075837031061042e+02
1.847929975429975400e+02,1.539506552006552056e+02,1.636549959049959000e+02
1.862521204410517441e+02,1.551728159457167067e+02,1.651064461407972885e+02
1.848804258804258893e+02,1.542172399672399763e+02,1.638933251433251428e+02
1.855615979920518726e+02,1.546795649445722631e+02,1.644153942689813732e+02
1.861921119592875300e+02,1.553683206106870216e+02,1.652101357082273125e+02
1.862544529262086428e+02,1.552287955894826155e+02,1.650907548770144331e+02
1.874253472222222285e+02,1.559678819444444571e+02,1.659635416666666572e+02
1.865982905982905891e+02,1.553824786324786373e+02,1.654604700854700923e+02
1.887639455782313007e+02,1.568963718820861573e+02,1.672167800453514701e+02
1.881897251013970163e+02,1.565299684542586647e+02,1.667593510590355947e+02
1.847809172809172935e+02,1.539135954135954023e+02,1.638173628173628060e+02
1.840919725695844988e+02,1.533406615570794713e+02,1.633604275917708719e+02
1.849754299754299893e+02,1.539873054873054912e+02,1.639553644553644460e+02
1.864149703138252789e+02,1.551397370653095891e+02,1.651609414758269736e+02
1.863746819338422256e+02,1.551030534351145036e+02,1.652175572519084028e+02
1.866903846153846018e+02,1.552534188034188105e+02,1.652241452991453059e+02
1.852470194519974882e+02,1.542137628111273671e+02,1.642074879732273587e+02
1.852037230704873423e+02,1.542717004810708943e+02,1.642495293871575086e+02
1.847029074529074535e+02,1.539400081900082000e+02,1.638513513513513544e+02
1.848302620802620879e+02,1.540382882882882996e+02,1.638957821457821353e+02
1.855070069023216774e+02,1.546193265007320576e+02,1.646099142438820309e+02
1.843148446954417068e+02,1.536242436466316974e+02,1.634314239612747031e+02
1.850626535626535656e+02,1.543202293202293163e+02,1.642282964782964712e+02
1.856973436519556628e+02,1.549042041413930235e+02,1.647695042878058871e+02
1.857596737084292045e+02,1.549194729136164028e+02,1.647550721606358479e+02
1.852540950040950065e+02,1.545573300573300628e+02,1.642547092547092689e+02
1.858772223384229108e+02,1.549918427107299692e+02,1.648822422087429516e+02
1.858931185944363165e+02,1.548862162727462817e+02,1.648061075088893404e+02
1.866291348600508968e+02,1.553808312128922751e+02,1.653933418150975285e+02
1.869427350427350518e+02,1.556179487179487069e+02,1.657542735042734989e+02
1.856778916544655829e+02,1.544760510353482630e+02,1.646005019870320041e+02
1.856801924283622611e+02,1.545007320644216691e+02,1.645728927002719217e+02
1.857793348671825981e+02,1.543551558251411961e+02,1.645858606985986228e+02
1.867313401187446971e+02,1.552300678541136563e+02,1.654684054283291061e+02
1.867758693808312103e+02,1.552981340118744811e+02,1.655006361323155204e+02
1.852547092547092689e+02,1.540692055692055646e+02,1.640900900900900865e+02
1.850051187551187581e+02,1.539805487305487190e+02,1.641820229320229316e+02
1.840302541347317344e+02,1.532815651472367904e+02,1.634207341670028200e+02
1.839382815651472356e+02,1.530949979830576808e+02,1.631508672851956305e+02
1.851597992051871984e+02,1.541840619117339486e+02,1.644135118176113792e+02
1.846603194103194028e+02,1.538622031122031046e+02,1.639203521703521744e+02
1.846613431613431544e+02,1.538849303849303851e+02,1.639258804258804219e+02
1.851964024262706516e+02,1.543457435682911409e+02,1.643660322108345611e+02
1.839225494150867348e+02,1.533096006454215399e+02,1.632200484066155752e+02
1.840064542154094340e+02,1.533334005647438403e+02,1.632402178297700743e+02
1.846208026208026070e+02,1.539821867321867330e+02,1.638462325962325963e+02
1.847102784602784595e+02,1.540364455364455409e+02,1.638593366093366228e+02
1.838969342476805195e+02,1.534261799112545361e+02,1.631218233158531632e+02
1.848857979502196258e+02,1.538690650491529084e+02,1.639675800041832190e+02
1.842325962325962223e+02,1.532870597870597749e+02,1.632940212940212916e+02
1.841009418509418651e+02,1.531242833742833795e+02,1.631865274365274274e+02
1.832154094392900276e+02,1.522402178297700743e+02,1.622022993142396103e+02
1.839377559377559237e+02,1.528550368550368432e+02,1.628972153972154047e+02
1.830445744251714473e+02,1.522864058087938588e+02,1.622882210568777737e+02
1.826508672851956305e+02,1.520524405002016977e+02,1.619973779749899165e+02
1.837817362817362721e+02,1.528583128583128712e+02,1.627911547911547814e+02
1.829745865268253340e+02,1.520377168212989147e+02,1.620320693828156493e+02
1.824213392496974677e+02,1.518055667607906400e+02,1.618027430415490073e+02
1.824201290843082006e+02,1.517914481645825049e+02,1.616448164582492950e+02
1.836355446355446475e+02,1.527753890253890177e+02,1.627129402129402251e+02
1.827454618797902413e+02,1.521091165792658444e+02,1.620683743444937477e+02
1.839575402635431942e+02,1.532353064212507832e+02,1.631926375235306352e+02
1.839142438820330483e+02,1.531800878477305901e+02,1.630514536707801767e+02
1.835233415233415144e+02,1.528877968877968954e+02,1.627149877149877284e+02
1.835362407862407963e+02,1.529572072072072046e+02,1.628003685503685460e+02
1.839537753608031778e+02,1.531993306839573279e+02,1.630290734156034205e+02
1.850048770144190087e+02,1.539245122985581133e+02,1.640044529262086428e+02
1.838471031165028364e+02,1.528431290524994779e+02,1.628374816983894675e+02
1.833548321048320986e+02,1.524789107289107335e+02,1.623824733824733926e+02
1.838521229868228488e+02,1.527960677682493156e+02,1.627285086801924194e+02
1.838845429826396014e+02,1.528364358920727852e+02,1.628418740849194819e+02
1.848432994062765147e+02,1.536072943172179919e+02,1.636859626802374805e+02
1.848742578456318881e+02,1.535994486853265357e+02,1.636736641221374100e+02
1.825974183138362150e+02,1.517377974989915401e+02,1.616000403388462985e+02
1.852705128205128347e+02,1.538544871794871653e+02,1.639143162393162356e+02
1.832063882063881977e+02,1.522203112203112312e+02,1.621695331695331674e+02
1.845250212044105069e+02,1.532951653944020336e+02,1.634221798134011863e+02
1.847063189143341901e+02,1.534007633587786188e+02,1.635349872773536788e+02
1.847902883799830249e+02,1.535411365564037283e+02,1.635761238337574355e+02
1.835597155406818786e+02,1.527895837690859651e+02,1.626749633967789066e+02
1.850948717948718070e+02,1.537970085470085451e+02,1.637465811965811895e+02
1.858726128472222285e+02,1.544891493055555429e+02,1.645444878472222285e+02
1.835469567036184912e+02,1.527144948755490361e+02,1.625231123195983969e+02
1.850264957264957388e+02,1.539792735042734932e+02,1.638305555555555486e+02
1.848863247863247921e+02,1.539480769230769113e+02,1.637822649572649709e+02
1.849217948717948730e+02,1.539517094017093939e+02,1.637568376068376210e+02
1.857011718750000000e+02,1.545412326388888857e+02,1.645177951388888857e+02
1.845852564102564202e+02,1.536337606837606700e+02,1.635606837606837587e+02
1.855746527777777715e+02,1.541866319444444571e+02,1.642313368055555429e+02
1.870861678004535236e+02,1.552573696145124700e+02,1.655734693877550967e+02
1.855846354166666572e+02,1.540151909722222285e+02,1.641592881944444571e+02
1.841306191687871205e+02,1.529622561492790567e+02,1.630470737913485948e+02
1.856529947916666572e+02,1.541226128472222285e+02,1.642384982638888857e+02
1.856091579861111143e+02,1.539878472222222285e+02,1.640876736111111143e+02
1.857022569444444571e+02,1.540828993055555429e+02,1.641675347222222285e+02
1.832622882242208675e+02,1.523637314369378828e+02,1.623507634386111818e+02
1.832122986822840289e+02,1.524026354319180143e+02,1.622829951892909435e+02
1.841759966072943087e+02,1.531270144189991527e+02,1.631162001696352775e+02
1.842073791348600480e+02,1.531868108566581839e+02,1.631759966072943087e+02
1.855518663194444571e+02,1.541768663194444571e+02,1.641946614583333428e+02
1.841094147582697076e+02,1.531316793893129784e+02,1.629217557251908488e+02
1.830755072160635848e+02,1.522993097678310050e+02,1.620683957331102363e+02
1.831162936624137103e+02,1.524835808408282674e+02,1.621374189500104706e+02
1.840776081424936308e+02,1.533180661577608248e+02,1.631501272264630984e+02
1.846873931623931639e+02,1.538059829059829156e+02,1.635775641025641107e+02
1.847955128205128119e+02,1.539108974358974251e+02,1.636373931623931526e+02
1.847301282051282101e+02,1.537260683760683833e+02,1.635551282051281987e+02
1.843688034188034237e+02,1.533893162393162299e+02,1.632457264957265011e+02
1.854563802083333428e+02,1.540036892361111143e+02,1.640345052083333428e+02
1.845188034188034294e+02,1.533284188034187991e+02,1.632579059829059815e+02
1.855110677083333428e+02,1.539463975694444571e+02,1.640284288194444571e+02
1.841429177268871911e+02,1.529168787107718401e+02,1.628840118744698771e+02
1.854066840277777715e+02,1.538537326388888857e+02,1.639943576388888857e+02
1.831087638569337059e+02,1.521644007529805549e+02,1.620667224430035560e+02
1.838782866836301935e+02,1.527905004240882079e+02,1.628335453774384973e+02
1.839187871077184013e+02,1.527938931297709928e+02,1.628568702290076260e+02
1.842237065309584523e+02,1.530973282442748200e+02,1.631306191687871205e+02
1.847241452991453059e+02,1.535213675213675231e+02,1.634457264957264897e+02
1.857858072916666572e+02,1.542832031250000000e+02,1.642267795138888857e+02
1.871829931972789041e+02,1.553972789115646265e+02,1.654687074829932101e+02
1.846856837606837587e+02,1.536485042735042725e+02,1.635089743589743705e+02
1.847643162393162299e+02,1.536709401709401845e+02,1.635136752136752136e+02
1.855540364583333428e+02,1.542810329861111143e+02,1.642747395833333428e+02
1.843608990670059313e+02,1.535371077184054229e+02,1.634395674300254484e+02
1.847322649572649595e+02,1.539771367521367438e+02,1.637243589743589780e+02
1.832526668061074986e+02,1.526630412047688878e+02,1.624191591717213896e+02
1.830545910897301951e+02,1.526640870110855417e+02,1.623716795649445714e+02
1.823972153972154047e+02,1.519713349713349828e+02,1.618656838656838772e+02
1.846961538461538339e+02,1.536264957264957332e+02,1.633854700854700752e+02
1.832731646099142324e+02,1.525193474168584089e+02,1.622125078435473711e+02
1.825941850941850930e+02,1.519203521703521744e+02,1.617581900081900130e+02
1.840224766751484253e+02,1.529499575911789577e+02,1.629387192536047451e+02
1.824367321867322005e+02,1.517143734643734660e+02,1.615477067977068089e+02
1.829573311022798521e+02,1.521493411420204893e+02,1.620675590880568961e+02
1.844944444444444400e+02,1.533807692307692321e+02,1.633153846153846018e+02
1.823319000819000735e+02,1.516255118755118758e+02,1.614252661752661879e+02
1.827349926793557700e+02,1.518864254340096238e+02,1.618094540891027009e+02
1.830079481280066886e+02,1.520983057937669969e+02,1.620184061911733977e+02
1.831041623091403494e+02,1.522401171303074534e+02,1.620686048943735500e+02
1.830204978038067338e+02,1.521830161054172663e+02,1.620311650282367566e+02
1.841961407972858353e+02,1.531240458015267052e+02,1.630362595419847196e+02
1.830466429617234780e+02,1.523405145367078148e+02,1.620842919891236136e+02
1.845636752136752250e+02,1.537194444444444343e+02,1.635376068376068304e+02
1.828452088452088447e+02,1.525028665028665102e+02,1.622461097461097381e+02
1.844206955046649625e+02,1.537196776929601469e+02,1.635447413061916961e+02
1.833507634386111818e+02,1.528552604057728388e+02,1.625231123195983969e+02
1.845139949109414772e+02,1.536480067854113543e+02,1.634001272264630984e+02
1.842436386768447960e+02,1.534117896522476769e+02,1.631344359626802429e+02
1.839289652247667561e+02,1.530905428329092501e+02,1.630129346904156193e+02
1.853878038194444571e+02,1.540466579861111143e+02,1.640223524305555429e+02
1.828268144739594163e+02,1.521516419159171676e+02,1.619562852959631982e+02
1.838134011874469991e+02,1.528405428329092501e+02,1.628339694656488632e+02
1.839815521628498800e+02,1.530500424088210423e+02,1.629628922815945771e+02
1.839707379134860048e+02,1.530248091603053524e+02,1.629442324003392741e+02
1.837955894826123711e+02,1.529516539440203644e+02,1.628948261238337523e+02
1.837408821034775315e+02,1.528307888040712328e+02,1.627029262086514052e+02
1.843352564102564202e+02,1.533711538461538453e+02,1.631747863247863108e+02
1.836829940627650615e+02,1.529238761662425645e+02,1.628057675996607259e+02
1.840861111111111086e+02,1.531467948717948673e+02,1.630115384615384642e+02
1.857573231185218674e+02,1.545288418206399399e+02,1.644916629112212831e+02
1.838634615384615358e+02,1.530690170940170844e+02,1.628649572649572690e+02
1.821591717213972004e+02,1.517626019661158807e+02,1.614189500104580759e+02
1.840271367521367551e+02,1.533705128205128290e+02,1.630841880341880312e+02
1.822919891236143144e+02,1.518376908596527812e+02,1.615170466429617306e+02
1.841094017094017090e+02,1.534331196581196650e+02,1.630722222222222229e+02
1.834622561492790567e+02,1.530106022052586923e+02,1.627506361323155204e+02
1.855853988283010381e+02,1.547280306444344262e+02,1.644860297431275455e+02
1.832198897370653015e+02,1.529855810008481853e+02,1.625945716709075555e+02
1.835194444444444457e+02,1.530957264957264954e+02,1.626568376068375983e+02
1.842395833333333428e+02,1.533776041666666572e+02,1.630677083333333428e+02
1.828433760683760738e+02,1.522991452991452945e+02,1.620188034188034294e+02
1.821734520780322271e+02,1.516984732824427340e+02,1.614838846480067787e+02
1.826339743589743705e+02,1.519794871794871653e+02,1.616997863247863165e+02
1.824019230769230830e+02,1.519053418803418936e+02,1.616739316239316224e+02
1.821276505513146731e+02,1.515752756573367321e+02,1.613439355385920351e+02
1.826160256410256295e+02,1.520230769230769283e+02,1.617735042735042725e+02
1.843803515096890351e+02,1.533258224425416927e+02,1.631196484903109649e+02
1.841086074808472404e+02,1.531928796755295252e+02,1.628977016674177491e+02
1.841275349256421805e+02,1.532794051374492881e+02,1.630223073456511997e+02
1.843091482649842305e+02,1.533611987381703443e+02,1.631255069851284247e+02
1.825367521367521420e+02,1.520108974358974478e+02,1.617168803418803407e+02
1.825284188034188162e+02,1.520457264957264840e+02,1.617641025641025578e+02
1.835154079861111143e+02,1.528480902777777715e+02,1.625640190972222285e+02
1.837118055555555429e+02,1.528546006944444571e+02,1.625763888888888857e+02
1.837293836805555429e+02,1.530666232638888857e+02,1.626998697916666572e+02
1.821861747243426635e+02,1.520494062765055219e+02,1.615784563189143341e+02
1.823812553011026409e+02,1.522324003392705549e+02,1.617215860899067081e+02
1.813191800878477409e+02,1.515304329638150875e+02,1.609757372934532498e+02
1.825824851569126395e+02,1.524071246819338512e+02,1.619584393553859343e+02
1.814612005856515395e+02,1.516337586279021252e+02,1.610125496758000452e+02
1.827666666666666799e+02,1.527213675213675117e+02,1.622042735042735160e+02
1.839750434027777715e+02,1.533882378472222285e+02,1.630891927083333428e+02
1.815120267726417183e+02,1.514423760719514860e+02,1.610324199958167810e+02
1.841514756944444571e+02,1.533784722222222285e+02,1.630388454861111143e+02
1.828244274809160288e+02,1.522222222222222285e+02,1.620086938083121311e+02
1.852395223073456521e+02,1.542386210004506495e+02,1.641613339342046061e+02
1.836668803418803293e+02,1.529888888888888800e+02,1.626982905982906118e+02
1.820888615888615902e+02,1.517282964782964712e+02,1.613028255528255670e+02
1.842474358974359063e+02,1.533470085470085564e+02,1.631952991452991455e+02
1.839675572519084028e+02,1.531935962680237537e+02,1.630116624257845501e+02
1.855698784722222285e+02,1.543155381944444571e+02,1.641825086805555429e+02
1.856979166666666572e+02,1.544485677083333428e+02,1.642747395833333428e+02
1.856555989583333428e+02,1.545225694444444571e+02,1.644084201388888857e+02
1.846070512820512874e+02,1.537764957264957388e+02,1.635572649572649482e+02
1.843159457167090807e+02,1.536206530958439487e+02,1.634274809160305324e+02
1.856276041666666572e+02,1.546979166666666572e+02,1.646783854166666572e+02
1.859925642181162573e+02,1.553395673726903965e+02,1.652767012167643088e+02
1.840144189991518147e+02,1.537828668363019631e+02,1.637652671755725180e+02
1.828640451788328676e+02,1.531717213971972456e+02,1.630328383183434369e+02
1.846768447837150120e+02,1.546596692111959328e+02,1.647423664122137268e+02
1.841685839782472272e+02,1.546197448232587419e+02,1.646490274001255045e+02
1.835235982250907512e+02,1.539709560306575327e+02,1.638606292860024212e+02
1.834294070189592674e+02,1.540348931020572820e+02,1.639419120613150369e+02
1.840784590560709830e+02,1.539977813634530150e+02,1.640316659943525508e+02
1.860171755725190792e+02,1.556759966072943087e+02,1.659291772688719391e+02
1.853840200794812745e+02,1.546253921773687523e+02,1.649240744614097594e+02
1.855503032838318234e+02,1.544683120686048881e+02,1.646674335912989022e+02
1.836899959661153616e+02,1.532208551835417438e+02,1.631944332392093600e+02
1.836456232351754636e+02,1.529195240016135529e+02,1.629427188382412339e+02
1.832967164179104600e+02,1.525478606965174038e+02,1.625512437810945414e+02
1.831269651741293671e+02,1.522919402985074555e+02,1.622314427860696640e+02
1.818368808049535517e+02,1.514400154798761662e+02,1.613297213622290940e+02
1.805120137299771272e+02,1.503188405797101552e+02,1.601207093821510341e+02
1.799702369668246433e+02,1.496712796208530847e+02,1.593152606635071038e+02
1.833156218905472770e+02,1.522746268656716495e+02,1.621667661691542150e+02
1.835328947368421098e+02,1.526604102167182759e+02,1.624245356037151566e+02
1.849261691542288588e+02,1.540097512437810963e+02,1.640021890547263581e+02
1.848199847444698776e+02,1.537913806254767337e+02,1.638718535469107564e+02
1.857287151702786332e+02,1.548922213622290940e+02,1.650367647058823479e+02
1.859334365325077272e+02,1.549378869969040124e+02,1.651037151702786332e+02
1.858132739938080533e+02,1.548184984520123919e+02,1.649773606811145612e+02
1.865719402985074566e+02,1.555337313432835913e+02,1.657508457711442702e+02
1.882123383084577029e+02,1.567408955223880582e+02,1.671321393034825746e+02
1.898491327148043695e+02,1.577825736183945082e+02,1.683632513110125046e+02
1.904965488391549968e+02,1.582934532524576525e+02,1.690186153524367398e+02
1.911309829059829042e+02,1.589314102564102598e+02,1.697553418803418879e+02
1.912596153846153868e+02,1.591677350427350461e+02,1.702123931623931696e+02
1.905950113378684705e+02,1.589811791383220054e+02,1.700653061224489875e+02
1.889643990929705240e+02,1.581739229024943256e+02,1.692657596371882107e+02
1.887808159722222285e+02,1.582706163194444571e+02,1.694511718750000000e+02
1.884290598290598382e+02,1.586047008547008659e+02,1.698478632478632449e+02
1.891321995464852534e+02,1.596442176870748426e+02,1.712741496598639515e+02
1.891589569160997826e+02,1.598941043083900126e+02,1.715845804988662167e+02
1.889294784580498856e+02,1.601653061224489818e+02,1.718956916099773196e+02
1.895519480519480453e+02,1.601419294990723472e+02,1.717938311688311614e+02
1.902306122448979693e+02,1.601342403628117950e+02,1.716820861678004633e+02
1.907109838846480159e+02,1.594747667514843101e+02,1.707860474978795651e+02
1.905455828963291651e+02,1.586613553852359928e+02,1.696637757160145270e+02
1.897832835820895525e+02,1.577508457711442702e+02,1.686390049751243794e+02
1.903156218905472770e+02,1.579952238805970239e+02,1.688121393034825815e+02
1.881172600619194952e+02,1.562331656346749185e+02,1.668691950464396143e+02
1.869390479876161066e+02,1.554355650154798809e+02,1.659976780185758400e+02
1.837375023058476415e+02,1.534906843755764498e+02,1.639555432577015210e+02
1.834587677725118624e+02,1.531169668246445497e+02,1.636722274881516626e+02
1.818539014941892731e+02,1.519367275410440925e+02,1.625048883969747351e+02
1.823103317535544932e+02,1.520576303317535576e+02,1.627184834123222856e+02
1.821177251184834063e+02,1.516542180094786829e+02,1.623812322274881410e+02
1.824568498452012477e+02,1.521062306501547994e+02,1.629183436532507869e+02
1.821789860681114419e+02,1.516547987616098965e+02,1.623556501547987523e+02
1.815715639810426580e+02,1.508081516587677697e+02,1.615308056872037810e+02
1.828436532507739969e+02,1.518061145510835956e+02,1.625481811145510846e+02
1.826606037151702822e+02,1.518895123839009216e+02,1.627393575851393166e+02
1.823879643962848434e+02,1.516677631578947398e+02,1.623003095975232100e+02
1.822285216718266270e+02,1.516391253869969091e+02,1.622587074303405643e+02
1.824084752321981284e+02,1.517678018575851411e+02,1.623997678018575925e+02
1.817753482972136112e+02,1.515222523219814263e+02,1.621528637770897774e+02
1.835315422885572048e+02,1.524599004975124501e+02,1.631275621890547143e+02
1.811704805491990840e+02,1.511647597254004438e+02,1.616834477498093179e+02
1.811728909952606728e+02,1.508765876777251265e+02,1.613162085308056817e+02
1.831362229102167305e+02,1.523337848297213668e+02,1.628436532507739969e+02
1.817032799389778859e+02,1.514891304347825951e+02,1.618571700991609532e+02
1.817669717772692479e+02,1.517131960335621557e+02,1.620875286041190009e+02
1.821407322654462178e+02,1.518522120518688041e+02,1.621786803966437844e+02
1.822988176964149432e+02,1.518127383676582838e+02,1.622013729977116725e+02
1.813302369668246570e+02,1.510881516587677709e+02,1.615531753554502359e+02
1.817118611746758177e+02,1.512564836003051028e+02,1.618325705568268518e+02
1.816125095347063336e+02,1.509237223493516353e+02,1.614692982456140271e+02
1.832380099502487667e+02,1.520053731343283516e+02,1.626953233830845704e+02
1.811178405572755423e+02,1.505944272445820502e+02,1.610464396284829718e+02
1.838664784187172359e+02,1.523372327551431908e+02,1.629876966518757513e+02
1.838975393303751389e+02,1.523668818071803059e+02,1.630082694634933489e+02
1.833436869705526533e+02,1.520492133924969664e+02,1.627029043969342581e+02
1.830917412935323512e+02,1.518439800995024882e+02,1.624031840796019992e+02
1.821805340557275485e+02,1.511934984520123919e+02,1.617070433436532539e+02
1.814885835913312633e+02,1.508616486068111442e+02,1.612974071207430313e+02
1.828929353233830852e+02,1.517586069651741241e+02,1.623140298507462660e+02
1.817352941176470722e+02,1.509936145510835956e+02,1.614607198142414859e+02
1.823160199004975084e+02,1.514453731343283494e+02,1.619209950248756229e+02
1.818527476780185737e+02,1.512703173374613073e+02,1.616389318885449029e+02
1.813171439628482915e+02,1.508624226006191975e+02,1.611565402476780093e+02
1.812083978328173259e+02,1.507091718266253793e+02,1.610255417956656459e+02
1.809696207430340564e+02,1.506327399380805048e+02,1.609270510835913228e+02
1.819452736318407915e+02,1.513526368159203912e+02,1.616139303482587195e+02
1.806248065015479938e+02,1.504150541795665674e+02,1.607964396284829718e+02
1.822260696517412839e+02,1.514262686567164167e+02,1.618515422885572264e+02
1.817503869969040124e+02,1.509152476780185737e+02,1.613022445820433575e+02
1.821408955223880639e+02,1.512129353233830784e+02,1.617162189054726298e+02
1.820911442786069756e+02,1.511500497512437846e+02,1.616069651741293569e+02
1.820499502487562324e+02,1.511283582089552340e+02,1.614786069651741229e+02
1.830296490520371151e+02,1.517113755546591278e+02,1.622573618394513915e+02
1.818593266253869842e+02,1.508763544891641004e+02,1.613306888544891535e+02
1.833529649052037200e+02,1.519858814037918648e+02,1.625088745461879682e+02
1.821060696517412794e+02,1.512959203980099403e+02,1.616013930348258612e+02
1.835246066962484974e+02,1.522369907220653431e+02,1.626391690197660296e+02
1.833671641791044635e+02,1.521956218905472724e+02,1.624382089552238710e+02
1.831802985074626804e+02,1.520849751243781043e+02,1.623761194029850685e+02
1.821302244582043386e+02,1.515352167182662413e+02,1.617254256965944137e+02
1.823541021671826741e+02,1.516615712074303417e+02,1.618788699690402382e+02
1.828469651741293660e+02,1.521106467661691681e+02,1.622732338308457827e+02
1.809932275541795548e+02,1.508757739938080533e+02,1.609152476780185737e+02
1.803175309597523324e+02,1.504483359133126896e+02,1.604152476780185737e+02
1.792775355450237100e+02,1.497012322274881626e+02,1.594860663507108995e+02
1.793690995260663499e+02,1.498218009478673025e+02,1.596659715639810315e+02
1.812612229102167305e+02,1.513301083591331349e+02,1.613310758513931944e+02
1.812260061919504608e+02,1.510911377708978307e+02,1.610893962848297178e+02
1.817459365325077272e+02,1.513316563467492131e+02,1.615290247678018716e+02
1.825168159203980167e+02,1.519084577114427930e+02,1.620529353233830818e+02
1.820292182662538778e+02,1.514369195046439529e+02,1.615754643962848434e+02
1.836867688584106588e+02,1.526754739814441280e+02,1.628523598225090723e+02
1.839513916901976529e+02,1.528741427995159370e+02,1.630560709963694990e+02
1.832766169154228919e+02,1.525751243781094502e+02,1.627603980099502508e+02
1.834529353233830875e+02,1.526555223880596941e+02,1.628543283582089600e+02
1.843457039128680890e+02,1.532894312222670408e+02,1.635778539733763637e+02
1.842436466317063264e+02,1.533061718434852878e+02,1.635881403791851483e+02
1.838181094527363086e+02,1.529365174129353306e+02,1.632491542288557298e+02
1.844407018959257698e+02,1.533626462283178569e+02,1.635123033481242487e+02
1.834495522388059783e+02,1.528762189054726264e+02,1.629639800995024927e+02
1.842321500605082747e+02,1.533436869705526533e+02,1.633797902379992024e+02
1.826743421052631504e+02,1.523347523219814263e+02,1.622842492260061817e+02
1.824013157894736707e+02,1.523074690402476676e+02,1.622116873065015454e+02
1.832748258706467652e+02,1.529036815920397885e+02,1.628891542288557162e+02
1.836819281968535620e+02,1.532450584913271427e+02,1.632196450181524767e+02
1.837498991528842396e+02,1.533902783380395363e+02,1.632178297700685619e+02
1.833761194029850685e+02,1.531122388059701507e+02,1.629978109452736419e+02
1.838878580072610021e+02,1.534643001210165494e+02,1.632557482855990258e+02
1.819947755417956614e+02,1.521340944272445768e+02,1.619616873065015454e+02
1.831440796019900574e+02,1.527661691542288622e+02,1.626758208955223779e+02
1.836298910851149628e+02,1.530088745461879682e+02,1.629675272287212522e+02
1.829890547263681526e+02,1.525771144278606926e+02,1.624523383084577119e+02
1.830141293532338409e+02,1.525926368159204003e+02,1.625548258706467664e+02
1.839033884630899536e+02,1.532751109318273564e+02,1.632543364259782095e+02
1.834951243781094661e+02,1.529395024875621800e+02,1.630121393034825985e+02
1.832803980099502610e+02,1.528185074626865685e+02,1.627114427860696537e+02
1.839225494150867348e+02,1.532047196450181445e+02,1.631619604679306121e+02
1.841647841871722449e+02,1.533416700282371892e+02,1.633420734167002877e+02
1.832204975124378166e+02,1.528485572139303486e+02,1.628212935323383022e+02
1.836254538120209645e+02,1.531823315853166605e+02,1.631319080274304270e+02
1.832354228855721487e+02,1.528266666666666538e+02,1.627466666666666697e+02
1.836361436062928476e+02,1.532460669624848606e+02,1.632418313836224399e+02
1.848132189918427173e+02,1.542394896465174554e+02,1.641832252666806085e+02
1.865117521367521363e+02,1.554478632478632392e+02,1.654882478632478637e+02
1.847029074529074535e+02,1.541165028665028558e+02,1.639334561834561725e+02
1.860920271416454739e+02,1.551662425784563197e+02,1.651236217133163677e+02
1.850148504496967234e+02,1.544869274210416279e+02,1.643541100188245139e+02
1.861352841391009463e+02,1.553816793893129784e+02,1.653530534351145036e+02
1.860811965811965933e+02,1.552066239316239376e+02,1.651279914529914663e+02
1.860848176420695381e+02,1.550640373197625195e+02,1.650831212892281599e+02
1.848784773060029352e+02,1.540334658021334349e+02,1.640805270863835972e+02
1.860164529914529794e+02,1.548228632478632392e+02,1.650256410256410220e+02
1.848316251830161150e+02,1.539638151014432026e+02,1.640219619326500720e+02
1.847628111273792229e+02,1.539370424597364604e+02,1.640428780589834901e+02
1.859868532654792261e+02,1.548233672603901709e+02,1.651083545377438497e+02
1.852321690023007648e+02,1.542246391968207604e+02,1.644938297427316343e+02
1.862756573367260273e+02,1.549516539440203644e+02,1.653452078032230759e+02
1.852942898975109927e+02,1.542158544237607316e+02,1.643930140138046454e+02
1.852702363522275562e+02,1.542020497803806620e+02,1.643164609914243783e+02
1.850338841246601191e+02,1.540274001254967686e+02,1.640537544446768550e+02
1.837672448567971060e+02,1.530667607906413821e+02,1.631260588947156123e+02
1.846760851760851665e+02,1.537770270270270316e+02,1.638173628173628060e+02
1.839017749092375880e+02,1.531688180718031447e+02,1.632119806373537756e+02
1.850750888935369289e+02,1.541516419159171676e+02,1.644093285923447070e+02
1.846117936117936154e+02,1.538898443898443986e+02,1.639475839475839507e+02
1.860604325699745516e+02,1.550667938931297840e+02,1.652001696352841407e+02
1.850629575402635396e+02,1.543277556996444275e+02,1.642451370006274942e+02
1.847295249795249674e+02,1.540773955773955777e+02,1.640655200655200758e+02
1.828799999999999955e+02,1.526147263681592108e+02,1.625044776119403025e+02
1.833212989108511408e+02,1.527668414683340075e+02,1.628342073416700373e+02
1.837321500605082747e+02,1.529630899556272823e+02,1.630231948366276811e+02
1.846470106470106600e+02,1.535911138411138381e+02,1.638144963144963242e+02
1.847743652743652660e+02,1.535720720720720749e+02,1.638046683046682972e+02
1.838759580475998519e+02,1.528247277127874213e+02,1.630036304961678013e+02
1.828147263681591994e+02,1.521462686567164155e+02,1.623325373134328231e+02
1.827791044776119520e+02,1.521116417910447751e+02,1.622925373134328311e+02
1.833166599435256217e+02,1.524487696651875694e+02,1.626908027430415586e+02
1.828509452736318508e+02,1.520513432835820993e+02,1.622210945273631921e+02
1.833830173457039052e+02,1.523830173457039052e+02,1.625845098830173470e+02
1.834267849939491839e+02,1.524241629689391004e+02,1.627365873336022730e+02
1.834517950786607514e+02,1.524275917708753525e+02,1.626869705526422081e+02
1.814404024767801786e+02,1.511747291021671913e+02,1.612414860681114419e+02
1.815909442724458245e+02,1.510712074303405643e+02,1.611724071207430313e+02
1.830324727712787478e+02,1.522791448164582562e+02,1.624881000403388498e+02
1.836196046793061782e+02,1.526066962484872818e+02,1.627470754336426069e+02
1.836365469947559461e+02,1.527811617587736919e+02,1.629451391690197681e+02
1.844449221949221851e+02,1.535370597870597749e+02,1.636865274365274274e+02
1.836425978217023101e+02,1.528713190802743043e+02,1.629310205728116046e+02
1.849100606567663760e+02,1.538345534407027912e+02,1.639686258104999013e+02
1.845857903357903353e+02,1.535069615069615168e+02,1.637219492219492167e+02
1.835901573215006124e+02,1.527392093586123565e+02,1.628949173053650554e+02
1.835270270270270316e+02,1.523370310609116700e+02,1.626010488100040448e+02
1.829181121419927365e+02,1.518572004840661691e+02,1.621752722872125787e+02
1.841895986895986823e+02,1.525819000819000735e+02,1.629570024570024600e+02
1.827533279548204916e+02,1.515391286809197311e+02,1.619251714400968183e+02
1.822097512437810849e+02,1.511797014925373048e+02,1.615225870646766282e+02
1.811824690402476676e+02,1.504682662538699560e+02,1.607101393188854388e+02
1.829905203711173840e+02,1.517317466720451762e+02,1.620627269060104823e+02
1.817850746268656792e+02,1.510009950248756354e+02,1.613190049751243862e+02
1.828495361032674396e+02,1.515800726099233486e+02,1.619477611940298516e+02
1.836834561834561725e+02,1.523493038493038512e+02,1.627182637182637279e+02
1.824768051633723189e+02,1.512789431222267069e+02,1.616161758773698978e+02
1.824770068576038682e+02,1.514011698265429686e+02,1.616871722468737289e+02
1.821958450988301763e+02,1.510034288019362521e+02,1.613902783380395363e+02
1.834559787059787084e+02,1.520270270270270316e+02,1.623708026208026070e+02
1.840418322526668078e+02,1.525017778707383513e+02,1.628058983476260266e+02
1.829116579265833025e+02,1.517517144009681260e+02,1.620613150463896659e+02
1.843451160845011430e+02,1.528270236352227585e+02,1.631840619117339486e+02
1.829608713190802689e+02,1.518929003630496197e+02,1.620060508269463355e+02
1.838273955773955777e+02,1.526388206388206470e+02,1.628368140868140870e+02
1.841951474586906556e+02,1.527613469985358847e+02,1.631349090148504501e+02
1.838720311220311316e+02,1.525432022932022846e+02,1.628161343161343098e+02
1.843097678309976857e+02,1.526852122986822735e+02,1.630926584396569865e+02
1.853083121289228075e+02,1.533348176420695381e+02,1.639768871925360543e+02
1.853517811704834628e+02,1.532839270568278209e+02,1.639005513146734643e+02
1.844005438192846782e+02,1.524934114202049784e+02,1.630771805061702651e+02
1.839318181818181870e+02,1.521988124488124470e+02,1.626852989352989312e+02
1.839971334971334898e+02,1.522209254709254651e+02,1.627264537264537125e+02
1.833995562726906030e+02,1.517018959257765118e+02,1.621294876966518643e+02
1.830512303348124306e+02,1.515000000000000000e+02,1.620554659136748796e+02
1.835506252521177828e+02,1.516760790641387757e+02,1.621782977006857607e+02
1.835720048406615490e+02,1.517676482452601761e+02,1.622442517144009742e+02
1.843562653562653679e+02,1.524799344799344851e+02,1.628411138411138381e+02
1.836052843888664654e+02,1.518037515127067252e+02,1.622218636546994617e+02
1.835229931423961318e+02,1.517206534893101946e+02,1.620943929003630615e+02
1.841517199017199005e+02,1.524330466830466833e+02,1.627766175266175139e+02
1.839936527436527456e+02,1.523556511056511056e+02,1.628316953316953288e+02
1.832154094392900276e+02,1.517355788624445267e+02,1.620475998386446008e+02
1.824101492537313334e+02,1.513231840796019867e+02,1.614748258706467539e+02
1.857860474978795651e+02,1.539134860050890552e+02,1.643437234944868521e+02
1.861668787107718401e+02,1.542542408821034883e+02,1.647005937234944781e+02
1.863377862595419856e+02,1.545303223070398531e+02,1.648994910941475780e+02
1.849813677313677260e+02,1.533834971334971442e+02,1.637622850122850195e+02
1.853331938924911242e+02,1.536607404308722096e+02,1.641719305584605593e+02
1.863042832909245021e+02,1.541276505513146731e+02,1.647016539440203644e+02
1.853465802133444811e+02,1.532014222965906640e+02,1.637839364149759547e+02
1.845151515151515014e+02,1.526498771498771418e+02,1.631953316953317028e+02
1.849219828487763948e+02,1.528075716377326785e+02,1.633681238234678972e+02
1.844047911547911553e+02,1.525239557739557767e+02,1.630317362817362721e+02
1.837732956837434415e+02,1.518735377168212892e+02,1.622488906817264933e+02
1.838779749899152876e+02,1.520104881000403338e+02,1.624162968939088216e+02
1.851286341769504418e+02,1.529964442585233257e+02,1.635998745032420061e+02
1.861942324003392741e+02,1.538403307888040672e+02,1.644773112807463917e+02
1.859728583545377489e+02,1.538184902459711623e+02,1.643946140797285977e+02
1.860699745547073860e+02,1.539158184902459823e+02,1.645453774385072165e+02
1.852003764902740102e+02,1.533352855051244603e+02,1.638374816983894675e+02
1.867779914529914436e+02,1.544478632478632392e+02,1.650190170940171015e+02
1.865820512820512818e+02,1.543641025641025522e+02,1.648568376068376153e+02
1.874578993055555429e+02,1.550592447916666572e+02,1.655753038194444571e+02
1.864363247863247750e+02,1.543405982905982796e+02,1.646683760683760624e+02
1.852873875758209579e+02,1.535289688349717494e+02,1.637718050617025654e+02
1.849885339885339874e+02,1.533190008190008200e+02,1.635376740376740372e+02
1.855260405772850731e+02,1.537931395105626393e+02,1.640692323781635764e+02
1.866550042408821071e+02,1.547194656488549640e+02,1.650447413061916961e+02
1.851420966420966465e+02,1.535722768222768195e+02,1.638546273546273540e+02
1.844616780960064659e+02,1.526532876159741932e+02,1.630246066962484974e+02
1.851232596232596279e+02,1.532469287469287451e+02,1.636384111384111293e+02
1.851337018837018888e+02,1.532008599508599502e+02,1.635761670761670814e+02
1.852274774774774642e+02,1.531914414414414409e+02,1.635608108108108070e+02
1.852993447993447944e+02,1.531969696969696884e+02,1.635915233415233274e+02
1.857496339677891513e+02,1.536193265007320576e+02,1.640478979293035025e+02
1.857282995189291057e+02,1.536262288224220924e+02,1.640744614097469025e+02
1.852735462735462875e+02,1.532899262899262851e+02,1.636898034398034270e+02
1.857862371888726329e+02,1.536421250784354697e+02,1.640265634804434285e+02
1.853529893529893400e+02,1.533478705978706103e+02,1.637031122031121981e+02
1.856992261033256568e+02,1.536283204350554286e+02,1.640416230914034657e+02
1.855647354110018910e+02,1.535917172139719753e+02,1.640489437356201563e+02
1.844937474788221152e+02,1.527446551028640442e+02,1.630129084308188681e+02
1.844574425171440168e+02,1.527422347720855100e+02,1.630262202501008346e+02
1.845102864058087846e+02,1.528489310205728202e+02,1.630016135538523656e+02
1.845207745058491469e+02,1.528590157321500556e+02,1.629828559903186829e+02
1.845381202097620132e+02,1.528892698668818184e+02,1.630223880597014841e+02
1.856086592763020349e+02,1.539075507216063556e+02,1.641135745659903762e+02
1.851345208845208958e+02,1.537256347256347340e+02,1.637014742014742126e+02
1.857923028655092992e+02,1.541083455344070217e+02,1.642752562225475970e+02
1.853325143325143358e+02,1.539064291564291693e+02,1.639696969696969688e+02
1.845675675675675791e+02,1.530127067365873472e+02,1.631335215812827641e+02
1.852008599508599502e+02,1.535669533169533167e+02,1.637999590499590568e+02
1.853804643380046002e+02,1.537132399079690401e+02,1.640313741895000987e+02
1.853900857561179691e+02,1.535580422505751983e+02,1.638458481489228120e+02
1.868549145299145380e+02,1.546243589743589837e+02,1.650803418803418765e+02
1.865810008481764157e+02,1.544756149279050135e+02,1.648246395250212117e+02
1.866849024597116227e+02,1.545530110262934613e+02,1.649334181509753989e+02
1.852209254709254651e+02,1.536291973791973930e+02,1.638638411138411186e+02
1.852055692055692191e+02,1.535884520884521010e+02,1.637297297297297405e+02
1.857943944781426353e+02,1.540575193474168714e+02,1.642693997071742444e+02
1.852272727272727195e+02,1.536590909090909065e+02,1.637956592956593056e+02
1.846534893102057140e+02,1.530980233965308628e+02,1.631448164582492950e+02
1.857477515164191573e+02,1.541589625601338582e+02,1.643545283413511697e+02
